-- ============================================================
-- WildWood ERP — Seed data (generated from mock JSON)
-- ============================================================

-- Staff
INSERT INTO staff (id, prenom, email, poste, avatar_initiales, actif) VALUES ('00000000-0000-4000-a000-000000000001', 'Jean-Luc', 'jean-luc@wildwood.com', 'reception', 'JL', true);
INSERT INTO staff (id, prenom, email, poste, avatar_initiales, actif) VALUES ('00000000-0000-4000-a000-000000000002', 'Sunny', 'sunny@wildwood.com', 'reception', 'SR', true);
INSERT INTO staff (id, prenom, email, poste, avatar_initiales, actif) VALUES ('00000000-0000-4000-a000-000000000003', 'Emily', 'emily@wildwood.com', 'reception', 'EL', true);
INSERT INTO staff (id, prenom, email, poste, avatar_initiales, actif) VALUES ('00000000-0000-4000-a000-000000000004', 'Marco', 'marco@wildwood.com', 'bar', 'MR', true);
INSERT INTO staff (id, prenom, email, poste, avatar_initiales, actif) VALUES ('00000000-0000-4000-a000-000000000005', 'Nok', 'nok@wildwood.com', 'bar', 'NP', true);
INSERT INTO staff (id, prenom, email, poste, avatar_initiales, actif) VALUES ('00000000-0000-4000-a000-000000000006', 'Admin', 'admin@wildwood.com', 'admin', 'AP', true);

-- Tarifs
INSERT INTO tarifs (id, nom, prix_nuit_thb, commission_booking, annulation, modifiable) VALUES ('flex', 'Flexible', 4000, 0.8142, 'Annulation gratuite jusqu''à 14j avant le check-in', true);
INSERT INTO tarifs (id, nom, prix_nuit_thb, commission_booking, annulation, modifiable) VALUES ('non_remb', 'Non remboursable', 3600, 0.8142, 'Non modifiable · Non remboursable', false);

-- Message templates
INSERT INTO message_templates (id, nom, contenu) VALUES ('j_moins_2', 'Rappel avant arrivee (J-2)', 'Bonjour {{prenom}} ! Votre sejour au WildWood Beach approche. Vous etes attendu(e) le {{date_debut}} au Bungalow {{bungalow_numero}} pour {{nuits}} nuits. Nous avons hate de vous accueillir ! A bientot, L''equipe WildWood');
INSERT INTO message_templates (id, nom, contenu) VALUES ('j_plus_3', 'Avis apres depart (J+3)', 'Bonjour {{prenom}} ! Nous esperons que votre sejour au Bungalow {{bungalow_numero}} s''est bien passe. Nous serions ravis de recevoir votre avis. Merci et a bientot ! L''equipe WildWood');
INSERT INTO message_templates (id, nom, contenu) VALUES ('urgence', 'Message urgent / libre', 'Bonjour {{prenom}}, {{message_libre}}');

-- Produits (gym passes)
INSERT INTO produits (id, nom, categorie, sous_categorie, prix_thb, duree_jours, actif, ordre) VALUES ('00000000-0000-4000-a000-000000000007', '1 jour', 'gym_pass', '1j', 350, 1, true, 1);
INSERT INTO produits (id, nom, categorie, sous_categorie, prix_thb, duree_jours, actif, ordre) VALUES ('00000000-0000-4000-a000-000000000008', '3 jours', 'gym_pass', '3j', 800, 3, true, 2);
INSERT INTO produits (id, nom, categorie, sous_categorie, prix_thb, duree_jours, actif, ordre) VALUES ('00000000-0000-4000-a000-000000000009', '1 semaine', 'gym_pass', '1s', 1200, 7, true, 3);
INSERT INTO produits (id, nom, categorie, sous_categorie, prix_thb, duree_jours, actif, ordre) VALUES ('00000000-0000-4000-a000-00000000000a', '10 jours', 'gym_pass', '10j', 1400, 10, true, 4);
INSERT INTO produits (id, nom, categorie, sous_categorie, prix_thb, duree_jours, actif, ordre) VALUES ('00000000-0000-4000-a000-00000000000b', '1 mois', 'gym_pass', '1m', 2000, 30, true, 5);
INSERT INTO produits (id, nom, categorie, sous_categorie, prix_thb, duree_jours, actif, ordre) VALUES ('00000000-0000-4000-a000-00000000000c', '6 mois', 'gym_pass', '6m', 9000, 180, true, 6);
INSERT INTO produits (id, nom, categorie, sous_categorie, prix_thb, duree_jours, actif, ordre) VALUES ('00000000-0000-4000-a000-00000000000d', '1 an', 'gym_pass', '1a', 15000, 365, true, 7);
INSERT INTO produits (id, nom, categorie, sous_categorie, prix_thb, duree_jours, actif, ordre) VALUES ('00000000-0000-4000-a000-00000000000e', 'Spa pass (1 jour)', 'gym_pass', 'spa', 250, 1, true, 8);
INSERT INTO produits (id, nom, categorie, sous_categorie, prix_thb, duree_jours, actif, ordre) VALUES ('00000000-0000-4000-a000-00000000000f', 'Monthly Spa Pass', 'gym_pass', 'spa-monthly', 1500, 30, true, 9);
INSERT INTO produits (id, nom, categorie, sous_categorie, prix_thb, duree_jours, actif, ordre) VALUES ('00000000-0000-4000-a000-000000000010', 'Pool pass only', 'gym_pass', 'pool', 200, 1, true, 10);
INSERT INTO produits (id, nom, categorie, sous_categorie, prix_thb, duree_jours, actif, ordre) VALUES ('00000000-0000-4000-a000-000000000011', 'Guest Hotel', 'gym_pass', 'guest-hotel', 0, 1, true, 11);
INSERT INTO produits (id, nom, categorie, sous_categorie, prix_thb, duree_jours, actif, ordre) VALUES ('00000000-0000-4000-a000-000000000012', 'Yoga', 'gym_pass', 'yoga', 500, 1, true, 12);
INSERT INTO produits (id, nom, categorie, sous_categorie, prix_thb, duree_jours, actif, ordre) VALUES ('00000000-0000-4000-a000-000000000013', 'Yoga + Daily pass', 'gym_pass', 'yoga-daily', 600, 1, true, 13);
INSERT INTO produits (id, nom, categorie, sous_categorie, prix_thb, duree_jours, actif, ordre) VALUES ('00000000-0000-4000-a000-000000000014', 'Fitness class', 'gym_pass', 'fitness-class', 600, 1, true, 14);

-- Produits (F&B)
INSERT INTO produits (id, nom, categorie, sous_categorie, prix_thb, actif, ordre) VALUES ('00000000-0000-4000-a000-000000000015', 'Acai Bowl', 'fnb', 'bowls', 220, true, 1);
INSERT INTO produits (id, nom, categorie, sous_categorie, prix_thb, actif, ordre) VALUES ('00000000-0000-4000-a000-000000000016', 'Protein Bowl', 'fnb', 'bowls', 220, true, 2);
INSERT INTO produits (id, nom, categorie, sous_categorie, prix_thb, actif, ordre) VALUES ('00000000-0000-4000-a000-000000000017', 'Smoothie Bowl', 'fnb', 'bowls', 220, true, 3);
INSERT INTO produits (id, nom, categorie, sous_categorie, prix_thb, actif, ordre) VALUES ('00000000-0000-4000-a000-000000000018', 'Whey Shake', 'fnb', 'cocktails-proteines', 220, true, 4);
INSERT INTO produits (id, nom, categorie, sous_categorie, prix_thb, actif, ordre) VALUES ('00000000-0000-4000-a000-000000000019', 'Post-Workout', 'fnb', 'cocktails-proteines', 220, true, 5);
INSERT INTO produits (id, nom, categorie, sous_categorie, prix_thb, actif, ordre) VALUES ('00000000-0000-4000-a000-00000000001a', 'Mass Gainer', 'fnb', 'cocktails-proteines', 220, true, 6);
INSERT INTO produits (id, nom, categorie, sous_categorie, prix_thb, actif, ordre) VALUES ('00000000-0000-4000-a000-00000000001b', 'Espresso', 'fnb', 'cafes', 70, true, 7);
INSERT INTO produits (id, nom, categorie, sous_categorie, prix_thb, actif, ordre) VALUES ('00000000-0000-4000-a000-00000000001c', 'Americano', 'fnb', 'cafes', 70, true, 8);
INSERT INTO produits (id, nom, categorie, sous_categorie, prix_thb, actif, ordre) VALUES ('00000000-0000-4000-a000-00000000001d', 'Latte', 'fnb', 'cafes', 70, true, 9);
INSERT INTO produits (id, nom, categorie, sous_categorie, prix_thb, actif, ordre) VALUES ('00000000-0000-4000-a000-00000000001e', 'Cappuccino', 'fnb', 'cafes', 70, true, 10);
INSERT INTO produits (id, nom, categorie, sous_categorie, prix_thb, actif, ordre) VALUES ('00000000-0000-4000-a000-00000000001f', 'Mango Smoothie', 'fnb', 'smoothies', 120, true, 11);
INSERT INTO produits (id, nom, categorie, sous_categorie, prix_thb, actif, ordre) VALUES ('00000000-0000-4000-a000-000000000020', 'Banana-Peanut', 'fnb', 'smoothies', 120, true, 12);
INSERT INTO produits (id, nom, categorie, sous_categorie, prix_thb, actif, ordre) VALUES ('00000000-0000-4000-a000-000000000021', 'Green Detox', 'fnb', 'smoothies', 120, true, 13);
INSERT INTO produits (id, nom, categorie, sous_categorie, prix_thb, actif, ordre) VALUES ('00000000-0000-4000-a000-000000000022', 'Eau', 'fnb', 'boissons', 40, true, 14);
INSERT INTO produits (id, nom, categorie, sous_categorie, prix_thb, actif, ordre) VALUES ('00000000-0000-4000-a000-000000000023', 'Coca', 'fnb', 'boissons', 60, true, 15);
INSERT INTO produits (id, nom, categorie, sous_categorie, prix_thb, actif, ordre) VALUES ('00000000-0000-4000-a000-000000000024', 'Jus de fruits', 'fnb', 'boissons', 80, true, 16);
INSERT INTO produits (id, nom, categorie, sous_categorie, prix_thb, actif, ordre) VALUES ('00000000-0000-4000-a000-000000000025', 'Biere', 'fnb', 'boissons', 100, true, 17);
INSERT INTO produits (id, nom, categorie, sous_categorie, prix_thb, actif, ordre) VALUES ('00000000-0000-4000-a000-000000000026', 'Banana Pancake', 'fnb', 'snacks', 120, true, 18);
INSERT INTO produits (id, nom, categorie, sous_categorie, prix_thb, actif, ordre) VALUES ('00000000-0000-4000-a000-000000000027', 'Granola Bar', 'fnb', 'snacks', 100, true, 19);
INSERT INTO produits (id, nom, categorie, sous_categorie, prix_thb, actif, ordre) VALUES ('00000000-0000-4000-a000-000000000028', 'Toast Avocat', 'fnb', 'snacks', 150, true, 20);

-- Clients
INSERT INTO clients (id, nom, email, telephone, nationalite) VALUES ('00000000-0000-4000-a000-000000000029', 'Pierre Dumont', 'pierre.dumont@gmail.com', '+33612345678', NULL);
INSERT INTO clients (id, nom, email, telephone, nationalite) VALUES ('00000000-0000-4000-a000-00000000002a', 'Sarah Mitchell', 'sarah.m@outlook.com', '+61412345678', NULL);
INSERT INTO clients (id, nom, email, telephone, nationalite) VALUES ('00000000-0000-4000-a000-00000000002b', 'Dmitri Volkov', 'd.volkov@yandex.ru', NULL, NULL);
INSERT INTO clients (id, nom, email, telephone, nationalite) VALUES ('00000000-0000-4000-a000-00000000002c', 'Anna Lindqvist', 'anna.lindqvist@telia.se', NULL, NULL);
INSERT INTO clients (id, nom, email, telephone, nationalite) VALUES ('00000000-0000-4000-a000-00000000002d', 'Jack Thompson', 'jack.t@gmail.com', '+44712345678', NULL);
INSERT INTO clients (id, nom, email, telephone, nationalite) VALUES ('00000000-0000-4000-a000-00000000002e', 'Lukas Weber', 'lukas.weber@web.de', NULL, NULL);
INSERT INTO clients (id, nom, email, telephone, nationalite) VALUES ('00000000-0000-4000-a000-00000000002f', 'Marie Lefevre', 'marie.lefevre@orange.fr', '+33698765432', NULL);
INSERT INTO clients (id, nom, email, telephone, nationalite) VALUES ('00000000-0000-4000-a000-000000000030', 'Oliver Brown', 'ollie.brown@gmail.com', NULL, NULL);
INSERT INTO clients (id, nom, email, telephone, nationalite) VALUES ('00000000-0000-4000-a000-000000000031', 'Camille Rousseau', 'camille.r@gmail.com', NULL, NULL);
INSERT INTO clients (id, nom, email, telephone, nationalite) VALUES ('00000000-0000-4000-a000-000000000032', 'Ben Carter', 'ben.carter@hotmail.com', NULL, NULL);
INSERT INTO clients (id, nom, email, telephone, nationalite) VALUES ('00000000-0000-4000-a000-000000000033', 'Natasha Petrova', 'natasha.p@mail.ru', NULL, NULL);
INSERT INTO clients (id, nom, email, telephone, nationalite) VALUES ('00000000-0000-4000-a000-000000000034', 'Sophie Dupont', 'sophie.dupont@free.fr', NULL, NULL);
INSERT INTO clients (id, nom, email, telephone, nationalite) VALUES ('00000000-0000-4000-a000-000000000035', 'James Wilson', NULL, '+61498765432', NULL);
INSERT INTO clients (id, nom, email, telephone, nationalite) VALUES ('00000000-0000-4000-a000-000000000036', 'Hannah Clarke', 'hannah.c@gmail.com', NULL, NULL);
INSERT INTO clients (id, nom, email, telephone, nationalite) VALUES ('00000000-0000-4000-a000-000000000037', 'Maxime Bernard', 'max.bernard@gmail.com', '+33645678901', NULL);
INSERT INTO clients (id, nom, email, telephone, nationalite) VALUES ('00000000-0000-4000-a000-000000000038', 'Lars Eriksson', 'lars.e@gmail.com', NULL, NULL);
INSERT INTO clients (id, nom, email, telephone, nationalite) VALUES ('00000000-0000-4000-a000-000000000039', 'Alexei Sokolov', NULL, NULL, NULL);
INSERT INTO clients (id, nom, email, telephone, nationalite) VALUES ('00000000-0000-4000-a000-00000000003a', 'Emily Davis', 'emily.davis@yahoo.com', NULL, NULL);
INSERT INTO clients (id, nom, email, telephone, nationalite) VALUES ('00000000-0000-4000-a000-00000000003b', 'Thomas Muller', 't.muller@gmx.de', NULL, NULL);
INSERT INTO clients (id, nom, email, telephone, nationalite) VALUES ('00000000-0000-4000-a000-00000000003c', 'Chloe Martin', 'chloe.martin@laposte.net', NULL, NULL);
INSERT INTO clients (id, nom, email, telephone, nationalite) VALUES ('00000000-0000-4000-a000-00000000003d', 'Ryan O''Brien', 'ryan.ob@gmail.com', NULL, NULL);
INSERT INTO clients (id, nom, email, telephone, nationalite) VALUES ('00000000-0000-4000-a000-00000000003e', 'Mia Johansson', 'mia.j@hotmail.se', NULL, NULL);
INSERT INTO clients (id, nom, email, telephone, nationalite) VALUES ('00000000-0000-4000-a000-00000000003f', 'Hugo Moreau', 'hugo.moreau@gmail.com', NULL, NULL);
INSERT INTO clients (id, nom, email, telephone, nationalite) VALUES ('00000000-0000-4000-a000-000000000040', 'Liam Scott', 'liam.scott@icloud.com', '+44798765432', NULL);
INSERT INTO clients (id, nom, email, telephone, nationalite) VALUES ('00000000-0000-4000-a000-000000000041', 'Katarina Novak', 'katarina.n@gmail.com', NULL, NULL);
INSERT INTO clients (id, nom, email, telephone, nationalite) VALUES ('00000000-0000-4000-a000-000000000042', 'Tyler Anderson', 'tyler.a@gmail.com', NULL, NULL);
INSERT INTO clients (id, nom, email, telephone, nationalite) VALUES ('00000000-0000-4000-a000-000000000043', 'Ines Garnier', 'ines.garnier@sfr.fr', NULL, NULL);
INSERT INTO clients (id, nom, email, telephone, nationalite) VALUES ('00000000-0000-4000-a000-000000000044', 'Marcus Taylor', NULL, NULL, NULL);
INSERT INTO clients (id, nom, email, telephone, nationalite) VALUES ('00000000-0000-4000-a000-000000000045', 'Elena Kuznetsova', 'elena.k@gmail.com', NULL, NULL);
INSERT INTO clients (id, nom, email, telephone, nationalite) VALUES ('00000000-0000-4000-a000-000000000046', 'Felix Schneider', 'felix.s@web.de', NULL, NULL);
INSERT INTO clients (id, nom, email, telephone, nationalite) VALUES ('00000000-0000-4000-a000-000000000047', 'Charlotte Hughes', 'charlotte.h@gmail.com', NULL, NULL);
INSERT INTO clients (id, nom, email, telephone, nationalite) VALUES ('00000000-0000-4000-a000-000000000048', 'Noah Campbell', 'noah.c@outlook.com', NULL, NULL);
INSERT INTO clients (id, nom, email, telephone, nationalite) VALUES ('00000000-0000-4000-a000-000000000049', 'Lea Fischer', 'lea.fischer@gmx.de', NULL, NULL);
INSERT INTO clients (id, nom, email, telephone, nationalite) VALUES ('00000000-0000-4000-a000-00000000004a', 'Oscar Nilsson', NULL, NULL, NULL);
INSERT INTO clients (id, nom, email, telephone, nationalite) VALUES ('00000000-0000-4000-a000-00000000004b', 'Isabella Rossi', 'isabella.r@gmail.com', NULL, NULL);
INSERT INTO clients (id, nom, email, telephone) VALUES ('00000000-0000-4000-a000-00000000004c', 'Carlos Rodriguez', NULL, '+34 612 345 678');
INSERT INTO clients (id, nom, email, telephone) VALUES ('00000000-0000-4000-a000-00000000004d', 'Yuki Tanaka', 'yuki.tanaka@gmail.com', '+81 90 1234 5678');
INSERT INTO clients (id, nom, email, telephone) VALUES ('00000000-0000-4000-a000-00000000004e', 'Marco Bellini', NULL, '+39 320 987 6543');

-- Reservations
INSERT INTO reservations (id, bungalow_id, client_id, client_nom, client_email, client_telephone, date_arrivee, date_depart, nb_adultes, nb_enfants, tarif_type, prix_nuit_brut, prix_nuit_net, source, statut, checkin_fait, tm30_fait, clef_remise, note) VALUES ('00000000-0000-4000-a000-00000000004f', 1, '00000000-0000-4000-a000-000000000029', 'Pierre Dumont', 'pierre.dumont@gmail.com', '+33 6 12 34 56 78', '2026-03-01', '2026-03-04', 2, 0, 'non_remb', 3600, 2931, 'booking', 'confirme', true, true, true, NULL);
INSERT INTO reservations (id, bungalow_id, client_id, client_nom, client_email, client_telephone, date_arrivee, date_depart, nb_adultes, nb_enfants, tarif_type, prix_nuit_brut, prix_nuit_net, source, statut, checkin_fait, tm30_fait, clef_remise, note) VALUES ('00000000-0000-4000-a000-000000000050', 1, '00000000-0000-4000-a000-000000000041', 'Katarina Novak', 'katarina.novak@gmail.com', '+420 601 234 567', '2026-03-04', '2026-03-07', 1, 0, 'flex', 4000, 3257, 'booking', 'confirme', true, true, true, NULL);
INSERT INTO reservations (id, bungalow_id, client_id, client_nom, client_email, client_telephone, date_arrivee, date_depart, nb_adultes, nb_enfants, tarif_type, prix_nuit_brut, prix_nuit_net, source, statut, checkin_fait, tm30_fait, clef_remise, note) VALUES ('00000000-0000-4000-a000-000000000051', 1, '00000000-0000-4000-a000-000000000031', 'Camille Rousseau', 'camille.rousseau@gmail.com', '+33 7 45 67 89 01', '2026-03-07', '2026-03-11', 2, 1, 'non_remb', 3600, 2931, 'booking', 'confirme', false, false, false, 'Vue mer demandee');
INSERT INTO reservations (id, bungalow_id, client_id, client_nom, client_email, client_telephone, date_arrivee, date_depart, nb_adultes, nb_enfants, tarif_type, prix_nuit_brut, prix_nuit_net, source, statut, checkin_fait, tm30_fait, clef_remise, note) VALUES ('00000000-0000-4000-a000-000000000052', 1, '00000000-0000-4000-a000-000000000034', 'Sophie Dupont', 'sophie.dupont@free.fr', NULL, '2026-03-12', '2026-03-15', 2, 0, 'flex', 4000, 3257, 'booking', 'confirme', false, false, false, NULL);
INSERT INTO reservations (id, bungalow_id, client_id, client_nom, client_email, client_telephone, date_arrivee, date_depart, nb_adultes, nb_enfants, tarif_type, prix_nuit_brut, prix_nuit_net, source, statut, checkin_fait, tm30_fait, clef_remise, note) VALUES ('00000000-0000-4000-a000-000000000053', 1, '00000000-0000-4000-a000-00000000003f', 'Hugo Moreau', 'hugo.moreau@gmail.com', '+33 6 78 90 12 34', '2026-03-15', '2026-03-18', 1, 0, 'non_remb', 3600, 2931, 'booking', 'confirme', false, false, false, NULL);
INSERT INTO reservations (id, bungalow_id, client_id, client_nom, client_email, client_telephone, date_arrivee, date_depart, nb_adultes, nb_enfants, tarif_type, prix_nuit_brut, prix_nuit_net, source, statut, checkin_fait, tm30_fait, clef_remise, note) VALUES ('00000000-0000-4000-a000-000000000054', 1, '00000000-0000-4000-a000-000000000046', 'Felix Schneider', 'felix.schneider@web.de', '+49 170 1234567', '2026-03-18', '2026-03-22', 2, 2, 'non_remb', 3600, 2931, 'booking', 'confirme', false, false, false, 'Anniversaire');
INSERT INTO reservations (id, bungalow_id, client_id, client_nom, client_email, client_telephone, date_arrivee, date_depart, nb_adultes, nb_enfants, tarif_type, prix_nuit_brut, prix_nuit_net, source, statut, checkin_fait, tm30_fait, clef_remise, note) VALUES ('00000000-0000-4000-a000-000000000055', 1, '00000000-0000-4000-a000-000000000038', 'Lars Eriksson', 'lars.eriksson@gmail.com', '+46 70 123 45 67', '2026-03-23', '2026-03-26', 2, 0, 'flex', 4000, 3257, 'booking', 'confirme', false, false, false, NULL);
INSERT INTO reservations (id, bungalow_id, client_id, client_nom, client_email, client_telephone, date_arrivee, date_depart, nb_adultes, nb_enfants, tarif_type, prix_nuit_brut, prix_nuit_net, source, statut, checkin_fait, tm30_fait, clef_remise, note) VALUES ('00000000-0000-4000-a000-000000000056', 1, '00000000-0000-4000-a000-000000000044', 'Marcus Taylor', NULL, '+44 7911 234567', '2026-03-26', '2026-03-29', 1, 0, 'non_remb', 3600, 2931, 'booking', 'confirme', false, false, false, NULL);
INSERT INTO reservations (id, bungalow_id, client_id, client_nom, client_email, client_telephone, date_arrivee, date_depart, nb_adultes, nb_enfants, tarif_type, prix_nuit_brut, prix_nuit_net, source, statut, checkin_fait, tm30_fait, clef_remise, note) VALUES ('00000000-0000-4000-a000-000000000057', 2, '00000000-0000-4000-a000-00000000002a', 'Sarah Mitchell', 'sarah.mitchell@outlook.com', '+61 412 345 678', '2026-03-01', '2026-03-05', 2, 0, 'non_remb', 3600, 2931, 'booking', 'no_show', false, false, false, NULL);
INSERT INTO reservations (id, bungalow_id, client_id, client_nom, client_email, client_telephone, date_arrivee, date_depart, nb_adultes, nb_enfants, tarif_type, prix_nuit_brut, prix_nuit_net, source, statut, checkin_fait, tm30_fait, clef_remise, note) VALUES ('00000000-0000-4000-a000-000000000058', 2, '00000000-0000-4000-a000-000000000049', 'Lea Fischer', 'lea.fischer@gmx.de', '+49 151 2345678', '2026-03-01', '2026-03-05', 2, 0, 'flex', 4000, 3257, 'booking', 'confirme', true, true, true, NULL);
INSERT INTO reservations (id, bungalow_id, client_id, client_nom, client_email, client_telephone, date_arrivee, date_depart, nb_adultes, nb_enfants, tarif_type, prix_nuit_brut, prix_nuit_net, source, statut, checkin_fait, tm30_fait, clef_remise, note) VALUES ('00000000-0000-4000-a000-000000000059', 2, '00000000-0000-4000-a000-000000000042', 'Tyler Anderson', 'tyler.anderson@gmail.com', '+1 415 555 0142', '2026-03-06', '2026-03-08', 1, 0, 'non_remb', 3600, 2931, 'booking', 'confirme', true, true, false, NULL);
INSERT INTO reservations (id, bungalow_id, client_id, client_nom, client_email, client_telephone, date_arrivee, date_depart, nb_adultes, nb_enfants, tarif_type, prix_nuit_brut, prix_nuit_net, source, statut, checkin_fait, tm30_fait, clef_remise, note) VALUES ('00000000-0000-4000-a000-00000000005a', 2, '00000000-0000-4000-a000-000000000045', 'Elena Kuznetsova', 'elena.kuznetsova@gmail.com', '+7 916 123 4567', '2026-03-08', '2026-03-12', 2, 1, 'flex', 4000, 3257, 'booking', 'confirme', false, false, false, NULL);
INSERT INTO reservations (id, bungalow_id, client_id, client_nom, client_email, client_telephone, date_arrivee, date_depart, nb_adultes, nb_enfants, tarif_type, prix_nuit_brut, prix_nuit_net, source, statut, checkin_fait, tm30_fait, clef_remise, note) VALUES ('00000000-0000-4000-a000-00000000005b', 2, '00000000-0000-4000-a000-000000000037', 'Maxime Bernard', 'max.bernard@gmail.com', '+33 6 45 67 89 01', '2026-03-12', '2026-03-15', 1, 0, 'non_remb', 3600, 2931, 'booking', 'confirme', false, false, false, NULL);
INSERT INTO reservations (id, bungalow_id, client_id, client_nom, client_email, client_telephone, date_arrivee, date_depart, nb_adultes, nb_enfants, tarif_type, prix_nuit_brut, prix_nuit_net, source, statut, checkin_fait, tm30_fait, clef_remise, note) VALUES ('00000000-0000-4000-a000-00000000005c', 2, '00000000-0000-4000-a000-00000000004a', 'Oscar Nilsson', NULL, '+46 73 456 78 90', '2026-03-16', '2026-03-19', 2, 0, 'non_remb', 3600, 2931, 'booking', 'confirme', false, false, false, NULL);
INSERT INTO reservations (id, bungalow_id, client_id, client_nom, client_email, client_telephone, date_arrivee, date_depart, nb_adultes, nb_enfants, tarif_type, prix_nuit_brut, prix_nuit_net, source, statut, checkin_fait, tm30_fait, clef_remise, note) VALUES ('00000000-0000-4000-a000-00000000005d', 2, '00000000-0000-4000-a000-000000000033', 'Natasha Petrova', 'natasha.petrova@mail.ru', '+7 903 456 7890', '2026-03-19', '2026-03-23', 2, 1, 'flex', 4000, 3257, 'booking', 'confirme', false, false, false, NULL);
INSERT INTO reservations (id, bungalow_id, client_id, client_nom, client_email, client_telephone, date_arrivee, date_depart, nb_adultes, nb_enfants, tarif_type, prix_nuit_brut, prix_nuit_net, source, statut, checkin_fait, tm30_fait, clef_remise, note) VALUES ('00000000-0000-4000-a000-00000000005e', 2, '00000000-0000-4000-a000-000000000040', 'Liam Scott', 'liam.scott@icloud.com', '+44 7987 654321', '2026-03-23', '2026-03-26', 1, 0, 'non_remb', 3600, 2931, 'booking', 'confirme', false, false, false, NULL);
INSERT INTO reservations (id, bungalow_id, client_id, client_nom, client_email, client_telephone, date_arrivee, date_depart, nb_adultes, nb_enfants, tarif_type, prix_nuit_brut, prix_nuit_net, source, statut, checkin_fait, tm30_fait, clef_remise, note) VALUES ('00000000-0000-4000-a000-00000000005f', 2, '00000000-0000-4000-a000-00000000003c', 'Chloe Martin', 'chloe.martin@laposte.net', '+33 6 23 45 67 89', '2026-03-27', '2026-03-31', 2, 0, 'flex', 4000, 3257, 'booking', 'confirme', false, false, false, NULL);
INSERT INTO reservations (id, bungalow_id, client_id, client_nom, client_email, client_telephone, date_arrivee, date_depart, nb_adultes, nb_enfants, tarif_type, prix_nuit_brut, prix_nuit_net, source, statut, checkin_fait, tm30_fait, clef_remise, note) VALUES ('00000000-0000-4000-a000-000000000060', 3, '00000000-0000-4000-a000-00000000003e', 'Mia Johansson', 'mia.johansson@hotmail.se', '+46 72 345 67 89', '2026-03-02', '2026-03-05', 1, 0, 'flex', 4000, 3257, 'booking', 'confirme', true, true, true, NULL);
INSERT INTO reservations (id, bungalow_id, client_id, client_nom, client_email, client_telephone, date_arrivee, date_depart, nb_adultes, nb_enfants, tarif_type, prix_nuit_brut, prix_nuit_net, source, statut, checkin_fait, tm30_fait, clef_remise, note) VALUES ('00000000-0000-4000-a000-000000000061', 3, '00000000-0000-4000-a000-00000000003a', 'Emily Davis', 'emily.davis@yahoo.com', '+44 7456 789012', '2026-03-05', '2026-03-08', 2, 0, 'non_remb', 3600, 2931, 'booking', 'no_show', false, false, false, NULL);
INSERT INTO reservations (id, bungalow_id, client_id, client_nom, client_email, client_telephone, date_arrivee, date_depart, nb_adultes, nb_enfants, tarif_type, prix_nuit_brut, prix_nuit_net, source, statut, checkin_fait, tm30_fait, clef_remise, note) VALUES ('00000000-0000-4000-a000-000000000062', 3, '00000000-0000-4000-a000-000000000039', 'Alexei Sokolov', NULL, NULL, '2026-03-06', '2026-03-08', 1, 0, 'flex', 4000, 3257, 'booking', 'confirme', true, false, false, NULL);
INSERT INTO reservations (id, bungalow_id, client_id, client_nom, client_email, client_telephone, date_arrivee, date_depart, nb_adultes, nb_enfants, tarif_type, prix_nuit_brut, prix_nuit_net, source, statut, checkin_fait, tm30_fait, clef_remise, note) VALUES ('00000000-0000-4000-a000-000000000063', 3, '00000000-0000-4000-a000-00000000002b', 'Dmitri Volkov', 'd.volkov@yandex.ru', '+7 925 678 9012', '2026-03-08', '2026-03-12', 2, 2, 'non_remb', 3600, 2931, 'booking', 'confirme', false, false, false, 'Vue mer demandee');
INSERT INTO reservations (id, bungalow_id, client_id, client_nom, client_email, client_telephone, date_arrivee, date_depart, nb_adultes, nb_enfants, tarif_type, prix_nuit_brut, prix_nuit_net, source, statut, checkin_fait, tm30_fait, clef_remise, note) VALUES ('00000000-0000-4000-a000-000000000064', 3, '00000000-0000-4000-a000-000000000036', 'Hannah Clarke', 'hannah.clarke@gmail.com', '+61 423 456 789', '2026-03-13', '2026-03-16', 1, 0, 'non_remb', 3600, 2931, 'booking', 'confirme', false, false, false, NULL);
INSERT INTO reservations (id, bungalow_id, client_id, client_nom, client_email, client_telephone, date_arrivee, date_depart, nb_adultes, nb_enfants, tarif_type, prix_nuit_brut, prix_nuit_net, source, statut, checkin_fait, tm30_fait, clef_remise, note) VALUES ('00000000-0000-4000-a000-000000000065', 3, '00000000-0000-4000-a000-000000000032', 'Ben Carter', 'ben.carter@hotmail.com', '+1 310 555 0198', '2026-03-16', '2026-03-19', 2, 0, 'flex', 4000, 3257, 'booking', 'confirme', false, false, false, NULL);
INSERT INTO reservations (id, bungalow_id, client_id, client_nom, client_email, client_telephone, date_arrivee, date_depart, nb_adultes, nb_enfants, tarif_type, prix_nuit_brut, prix_nuit_net, source, statut, checkin_fait, tm30_fait, clef_remise, note) VALUES ('00000000-0000-4000-a000-000000000066', 3, '00000000-0000-4000-a000-000000000047', 'Charlotte Hughes', 'charlotte.hughes@gmail.com', '+44 7911 123456', '2026-03-19', '2026-03-23', 2, 1, 'non_remb', 3600, 2931, 'booking', 'confirme', false, false, false, NULL);
INSERT INTO reservations (id, bungalow_id, client_id, client_nom, client_email, client_telephone, date_arrivee, date_depart, nb_adultes, nb_enfants, tarif_type, prix_nuit_brut, prix_nuit_net, source, statut, checkin_fait, tm30_fait, clef_remise, note) VALUES ('00000000-0000-4000-a000-000000000067', 3, '00000000-0000-4000-a000-00000000003d', 'Ryan O''Brien', 'ryan.obrien@gmail.com', '+353 87 123 4567', '2026-03-24', '2026-03-27', 1, 0, 'flex', 4000, 3257, 'booking', 'confirme', false, false, false, NULL);
INSERT INTO reservations (id, bungalow_id, client_id, client_nom, client_email, client_telephone, date_arrivee, date_depart, nb_adultes, nb_enfants, tarif_type, prix_nuit_brut, prix_nuit_net, source, statut, checkin_fait, tm30_fait, clef_remise, note) VALUES ('00000000-0000-4000-a000-000000000068', 3, '00000000-0000-4000-a000-00000000002e', 'Lukas Weber', 'lukas.weber@web.de', '+49 176 9876543', '2026-03-27', '2026-03-30', 2, 0, 'non_remb', 3600, 2931, 'booking', 'confirme', false, false, false, NULL);
INSERT INTO reservations (id, bungalow_id, client_id, client_nom, client_email, client_telephone, date_arrivee, date_depart, nb_adultes, nb_enfants, tarif_type, prix_nuit_brut, prix_nuit_net, source, statut, checkin_fait, tm30_fait, clef_remise, note) VALUES ('00000000-0000-4000-a000-000000000069', 4, '00000000-0000-4000-a000-00000000002c', 'Anna Lindqvist', 'anna.lindqvist@telia.se', '+46 70 987 65 43', '2026-03-01', '2026-03-04', 2, 1, 'non_remb', 3600, 2931, 'booking', 'confirme', true, true, true, NULL);
INSERT INTO reservations (id, bungalow_id, client_id, client_nom, client_email, client_telephone, date_arrivee, date_depart, nb_adultes, nb_enfants, tarif_type, prix_nuit_brut, prix_nuit_net, source, statut, checkin_fait, tm30_fait, clef_remise, note) VALUES ('00000000-0000-4000-a000-00000000006a', 4, '00000000-0000-4000-a000-00000000003b', 'Thomas Muller', 't.muller@gmx.de', '+49 160 1234567', '2026-03-04', '2026-03-07', 1, 0, 'flex', 4000, 3257, 'booking', 'confirme', true, true, true, NULL);
INSERT INTO reservations (id, bungalow_id, client_id, client_nom, client_email, client_telephone, date_arrivee, date_depart, nb_adultes, nb_enfants, tarif_type, prix_nuit_brut, prix_nuit_net, source, statut, checkin_fait, tm30_fait, clef_remise, note) VALUES ('00000000-0000-4000-a000-00000000006b', 4, '00000000-0000-4000-a000-00000000004c', 'Carlos Rodriguez', NULL, '+34 612 345 678', '2026-03-07', '2026-03-09', 1, 0, NULL, 1500, 1500, 'manuel', 'confirme', false, false, false, 'Walk-in, paiement cash');
INSERT INTO reservations (id, bungalow_id, client_id, client_nom, client_email, client_telephone, date_arrivee, date_depart, nb_adultes, nb_enfants, tarif_type, prix_nuit_brut, prix_nuit_net, source, statut, checkin_fait, tm30_fait, clef_remise, note) VALUES ('00000000-0000-4000-a000-00000000006c', 4, '00000000-0000-4000-a000-00000000002f', 'Marie Lefevre', 'marie.lefevre@orange.fr', '+33 6 98 76 54 32', '2026-03-09', '2026-03-13', 2, 0, 'non_remb', 3600, 2931, 'booking', 'confirme', false, false, false, 'Arrivee tardive');
INSERT INTO reservations (id, bungalow_id, client_id, client_nom, client_email, client_telephone, date_arrivee, date_depart, nb_adultes, nb_enfants, tarif_type, prix_nuit_brut, prix_nuit_net, source, statut, checkin_fait, tm30_fait, clef_remise, note) VALUES ('00000000-0000-4000-a000-00000000006d', 4, '00000000-0000-4000-a000-000000000035', 'James Wilson', NULL, '+61 498 765 432', '2026-03-13', '2026-03-16', 2, 1, 'non_remb', 3600, 2931, 'booking', 'confirme', false, false, false, NULL);
INSERT INTO reservations (id, bungalow_id, client_id, client_nom, client_email, client_telephone, date_arrivee, date_depart, nb_adultes, nb_enfants, tarif_type, prix_nuit_brut, prix_nuit_net, source, statut, checkin_fait, tm30_fait, clef_remise, note) VALUES ('00000000-0000-4000-a000-00000000006e', 4, '00000000-0000-4000-a000-000000000043', 'Ines Garnier', 'ines.garnier@sfr.fr', '+33 7 12 34 56 78', '2026-03-16', '2026-03-20', 1, 0, 'flex', 4000, 3257, 'booking', 'confirme', false, false, false, NULL);
INSERT INTO reservations (id, bungalow_id, client_id, client_nom, client_email, client_telephone, date_arrivee, date_depart, nb_adultes, nb_enfants, tarif_type, prix_nuit_brut, prix_nuit_net, source, statut, checkin_fait, tm30_fait, clef_remise, note) VALUES ('00000000-0000-4000-a000-00000000006f', 4, '00000000-0000-4000-a000-00000000002d', 'Jack Thompson', 'jack.thompson@gmail.com', '+44 7123 456789', '2026-03-21', '2026-03-24', 2, 0, 'non_remb', 3600, 2931, 'booking', 'confirme', false, false, false, NULL);
INSERT INTO reservations (id, bungalow_id, client_id, client_nom, client_email, client_telephone, date_arrivee, date_depart, nb_adultes, nb_enfants, tarif_type, prix_nuit_brut, prix_nuit_net, source, statut, checkin_fait, tm30_fait, clef_remise, note) VALUES ('00000000-0000-4000-a000-000000000070', 4, '00000000-0000-4000-a000-000000000039', 'Alexei Sokolov', NULL, NULL, '2026-03-24', '2026-03-28', 2, 0, 'flex', 4000, 3257, 'booking', 'confirme', false, false, false, NULL);
INSERT INTO reservations (id, bungalow_id, client_id, client_nom, client_email, client_telephone, date_arrivee, date_depart, nb_adultes, nb_enfants, tarif_type, prix_nuit_brut, prix_nuit_net, source, statut, checkin_fait, tm30_fait, clef_remise, note) VALUES ('00000000-0000-4000-a000-000000000071', 4, '00000000-0000-4000-a000-00000000004b', 'Isabella Rossi', 'isabella.rossi@gmail.com', '+39 320 123 4567', '2026-03-29', '2026-03-31', 1, 0, 'non_remb', 3600, 2931, 'booking', 'confirme', false, false, false, NULL);
INSERT INTO reservations (id, bungalow_id, client_id, client_nom, client_email, client_telephone, date_arrivee, date_depart, nb_adultes, nb_enfants, tarif_type, prix_nuit_brut, prix_nuit_net, source, statut, checkin_fait, tm30_fait, clef_remise, note) VALUES ('00000000-0000-4000-a000-000000000072', 5, '00000000-0000-4000-a000-00000000002d', 'Jack Thompson', 'jack.t@gmail.com', '+44 7123 456789', '2026-03-02', '2026-03-05', 2, 0, 'non_remb', 3600, 2931, 'booking', 'no_show', false, false, false, NULL);
INSERT INTO reservations (id, bungalow_id, client_id, client_nom, client_email, client_telephone, date_arrivee, date_depart, nb_adultes, nb_enfants, tarif_type, prix_nuit_brut, prix_nuit_net, source, statut, checkin_fait, tm30_fait, clef_remise, note) VALUES ('00000000-0000-4000-a000-000000000073', 5, '00000000-0000-4000-a000-000000000035', 'James Wilson', NULL, '+61 498 765 432', '2026-03-06', '2026-03-10', 1, 0, 'flex', 4000, 3257, 'booking', 'confirme', false, false, false, NULL);
INSERT INTO reservations (id, bungalow_id, client_id, client_nom, client_email, client_telephone, date_arrivee, date_depart, nb_adultes, nb_enfants, tarif_type, prix_nuit_brut, prix_nuit_net, source, statut, checkin_fait, tm30_fait, clef_remise, note) VALUES ('00000000-0000-4000-a000-000000000074', 5, '00000000-0000-4000-a000-000000000049', 'Lea Fischer', 'lea.fischer@gmx.de', '+49 151 2345678', '2026-03-10', '2026-03-13', 2, 0, 'non_remb', 3600, 2931, 'booking', 'confirme', false, false, false, 'Couple en lune de miel');
INSERT INTO reservations (id, bungalow_id, client_id, client_nom, client_email, client_telephone, date_arrivee, date_depart, nb_adultes, nb_enfants, tarif_type, prix_nuit_brut, prix_nuit_net, source, statut, checkin_fait, tm30_fait, clef_remise, note) VALUES ('00000000-0000-4000-a000-000000000075', 5, '00000000-0000-4000-a000-00000000003c', 'Chloe Martin', 'chloe.martin@laposte.net', NULL, '2026-03-13', '2026-03-16', 2, 1, 'flex', 4000, 3257, 'booking', 'confirme', false, false, false, NULL);
INSERT INTO reservations (id, bungalow_id, client_id, client_nom, client_email, client_telephone, date_arrivee, date_depart, nb_adultes, nb_enfants, tarif_type, prix_nuit_brut, prix_nuit_net, source, statut, checkin_fait, tm30_fait, clef_remise, note) VALUES ('00000000-0000-4000-a000-000000000076', 5, '00000000-0000-4000-a000-000000000045', 'Elena Kuznetsova', 'elena.k@gmail.com', '+7 916 123 4567', '2026-03-16', '2026-03-20', 1, 0, 'non_remb', 3600, 2931, 'booking', 'confirme', false, false, false, NULL);
INSERT INTO reservations (id, bungalow_id, client_id, client_nom, client_email, client_telephone, date_arrivee, date_depart, nb_adultes, nb_enfants, tarif_type, prix_nuit_brut, prix_nuit_net, source, statut, checkin_fait, tm30_fait, clef_remise, note) VALUES ('00000000-0000-4000-a000-000000000077', 5, '00000000-0000-4000-a000-00000000004e', 'Marco Bellini', NULL, '+39 320 987 6543', '2026-03-20', '2026-03-21', 1, 0, NULL, 1800, 1800, 'manuel', 'confirme', false, false, false, 'Reservation par telephone');
INSERT INTO reservations (id, bungalow_id, client_id, client_nom, client_email, client_telephone, date_arrivee, date_depart, nb_adultes, nb_enfants, tarif_type, prix_nuit_brut, prix_nuit_net, source, statut, checkin_fait, tm30_fait, clef_remise, note) VALUES ('00000000-0000-4000-a000-000000000078', 5, '00000000-0000-4000-a000-000000000030', 'Oliver Brown', 'ollie.brown@gmail.com', '+44 7890 123456', '2026-03-21', '2026-03-24', 2, 0, 'non_remb', 3600, 2931, 'booking', 'confirme', false, false, false, NULL);
INSERT INTO reservations (id, bungalow_id, client_id, client_nom, client_email, client_telephone, date_arrivee, date_depart, nb_adultes, nb_enfants, tarif_type, prix_nuit_brut, prix_nuit_net, source, statut, checkin_fait, tm30_fait, clef_remise, note) VALUES ('00000000-0000-4000-a000-000000000079', 5, '00000000-0000-4000-a000-000000000048', 'Noah Campbell', 'noah.campbell@outlook.com', '+1 604 555 0173', '2026-03-24', '2026-03-27', 2, 1, 'flex', 4000, 3257, 'booking', 'confirme', false, false, false, NULL);
INSERT INTO reservations (id, bungalow_id, client_id, client_nom, client_email, client_telephone, date_arrivee, date_depart, nb_adultes, nb_enfants, tarif_type, prix_nuit_brut, prix_nuit_net, source, statut, checkin_fait, tm30_fait, clef_remise, note) VALUES ('00000000-0000-4000-a000-00000000007a', 5, '00000000-0000-4000-a000-000000000037', 'Maxime Bernard', 'max.bernard@gmail.com', '+33 6 45 67 89 01', '2026-03-28', '2026-03-31', 1, 0, 'non_remb', 3600, 2931, 'booking', 'confirme', false, false, false, NULL);
INSERT INTO reservations (id, bungalow_id, client_id, client_nom, client_email, client_telephone, date_arrivee, date_depart, nb_adultes, nb_enfants, tarif_type, prix_nuit_brut, prix_nuit_net, source, statut, checkin_fait, tm30_fait, clef_remise, note) VALUES ('00000000-0000-4000-a000-00000000007b', 6, '00000000-0000-4000-a000-000000000033', 'Natasha Petrova', 'natasha.p@mail.ru', '+7 903 456 7890', '2026-03-01', '2026-03-04', 2, 0, 'non_remb', 3600, 2931, 'booking', 'confirme', true, true, true, NULL);
INSERT INTO reservations (id, bungalow_id, client_id, client_nom, client_email, client_telephone, date_arrivee, date_depart, nb_adultes, nb_enfants, tarif_type, prix_nuit_brut, prix_nuit_net, source, statut, checkin_fait, tm30_fait, clef_remise, note) VALUES ('00000000-0000-4000-a000-00000000007c', 6, '00000000-0000-4000-a000-000000000044', 'Marcus Taylor', NULL, '+44 7911 234567', '2026-03-04', '2026-03-07', 1, 0, 'flex', 4000, 3257, 'booking', 'no_show', false, false, false, NULL);
INSERT INTO reservations (id, bungalow_id, client_id, client_nom, client_email, client_telephone, date_arrivee, date_depart, nb_adultes, nb_enfants, tarif_type, prix_nuit_brut, prix_nuit_net, source, statut, checkin_fait, tm30_fait, clef_remise, note) VALUES ('00000000-0000-4000-a000-00000000007d', 6, '00000000-0000-4000-a000-00000000004d', 'Yuki Tanaka', 'yuki.tanaka@gmail.com', '+81 90 1234 5678', '2026-03-07', '2026-03-10', 2, 0, NULL, 1500, 1500, 'manuel', 'confirme', false, false, false, NULL);
INSERT INTO reservations (id, bungalow_id, client_id, client_nom, client_email, client_telephone, date_arrivee, date_depart, nb_adultes, nb_enfants, tarif_type, prix_nuit_brut, prix_nuit_net, source, statut, checkin_fait, tm30_fait, clef_remise, note) VALUES ('00000000-0000-4000-a000-00000000007e', 6, '00000000-0000-4000-a000-000000000029', 'Pierre Dumont', 'pierre.dumont@gmail.com', '+33 6 12 34 56 78', '2026-03-10', '2026-03-13', 2, 0, 'non_remb', 3600, 2931, 'booking', 'confirme', false, false, false, NULL);
INSERT INTO reservations (id, bungalow_id, client_id, client_nom, client_email, client_telephone, date_arrivee, date_depart, nb_adultes, nb_enfants, tarif_type, prix_nuit_brut, prix_nuit_net, source, statut, checkin_fait, tm30_fait, clef_remise, note) VALUES ('00000000-0000-4000-a000-00000000007f', 6, '00000000-0000-4000-a000-000000000041', 'Katarina Novak', 'katarina.novak@gmail.com', NULL, '2026-03-13', '2026-03-17', 1, 0, 'flex', 4000, 3257, 'booking', 'confirme', false, false, false, NULL);
INSERT INTO reservations (id, bungalow_id, client_id, client_nom, client_email, client_telephone, date_arrivee, date_depart, nb_adultes, nb_enfants, tarif_type, prix_nuit_brut, prix_nuit_net, source, statut, checkin_fait, tm30_fait, clef_remise, note) VALUES ('00000000-0000-4000-a000-000000000080', 6, '00000000-0000-4000-a000-000000000036', 'Hannah Clarke', 'hannah.c@gmail.com', '+61 423 456 789', '2026-03-17', '2026-03-20', 2, 1, 'non_remb', 3600, 2931, 'booking', 'confirme', false, false, false, 'Allergies alimentaires');
INSERT INTO reservations (id, bungalow_id, client_id, client_nom, client_email, client_telephone, date_arrivee, date_depart, nb_adultes, nb_enfants, tarif_type, prix_nuit_brut, prix_nuit_net, source, statut, checkin_fait, tm30_fait, clef_remise, note) VALUES ('00000000-0000-4000-a000-000000000081', 6, '00000000-0000-4000-a000-000000000032', 'Ben Carter', 'ben.carter@hotmail.com', '+1 310 555 0198', '2026-03-20', '2026-03-23', 2, 0, 'non_remb', 3600, 2931, 'booking', 'confirme', false, false, false, NULL);
INSERT INTO reservations (id, bungalow_id, client_id, client_nom, client_email, client_telephone, date_arrivee, date_depart, nb_adultes, nb_enfants, tarif_type, prix_nuit_brut, prix_nuit_net, source, statut, checkin_fait, tm30_fait, clef_remise, note) VALUES ('00000000-0000-4000-a000-000000000082', 6, '00000000-0000-4000-a000-000000000034', 'Sophie Dupont', 'sophie.dupont@free.fr', '+33 7 56 78 90 12', '2026-03-23', '2026-03-27', 2, 2, 'flex', 4000, 3257, 'booking', 'confirme', false, false, false, NULL);
INSERT INTO reservations (id, bungalow_id, client_id, client_nom, client_email, client_telephone, date_arrivee, date_depart, nb_adultes, nb_enfants, tarif_type, prix_nuit_brut, prix_nuit_net, source, statut, checkin_fait, tm30_fait, clef_remise, note) VALUES ('00000000-0000-4000-a000-000000000083', 6, '00000000-0000-4000-a000-000000000042', 'Tyler Anderson', 'tyler.a@gmail.com', '+1 415 555 0142', '2026-03-28', '2026-03-31', 1, 0, 'non_remb', 3600, 2931, 'booking', 'confirme', false, false, false, NULL);

-- Gym passes
INSERT INTO gym_passes (id, client_id, client_nom, type_pass, prix_paye, date_debut, date_expiration, actif) VALUES ('00000000-0000-4000-a000-000000000084', '00000000-0000-4000-a000-000000000029', 'Pierre Dumont', '1_mois', 2000, '2026-02-10', '2026-03-12', true);
INSERT INTO gym_passes (id, client_id, client_nom, type_pass, prix_paye, date_debut, date_expiration, actif) VALUES ('00000000-0000-4000-a000-000000000085', '00000000-0000-4000-a000-000000000031', 'Camille Rousseau', '1_semaine', 1200, '2026-03-01', '2026-03-08', true);
INSERT INTO gym_passes (id, client_id, client_nom, type_pass, prix_paye, date_debut, date_expiration, actif) VALUES ('00000000-0000-4000-a000-000000000086', '00000000-0000-4000-a000-000000000032', 'Ben Carter', '3_jours', 800, '2026-03-04', '2026-03-07', true);
INSERT INTO gym_passes (id, client_id, client_nom, type_pass, prix_paye, date_debut, date_expiration, actif) VALUES ('00000000-0000-4000-a000-000000000087', '00000000-0000-4000-a000-000000000034', 'Sophie Dupont', '1_mois', 2000, '2026-02-20', '2026-03-22', true);
INSERT INTO gym_passes (id, client_id, client_nom, type_pass, prix_paye, date_debut, date_expiration, actif) VALUES ('00000000-0000-4000-a000-000000000088', '00000000-0000-4000-a000-00000000003b', 'Thomas Muller', '1_semaine', 1200, '2026-03-02', '2026-03-09', true);
INSERT INTO gym_passes (id, client_id, client_nom, type_pass, prix_paye, date_debut, date_expiration, actif) VALUES ('00000000-0000-4000-a000-000000000089', '00000000-0000-4000-a000-000000000036', 'Hannah Clarke', '1_semaine', 1400, '2026-02-25', '2026-05-26', true);
INSERT INTO gym_passes (id, client_id, client_nom, type_pass, prix_paye, date_debut, date_expiration, actif) VALUES ('00000000-0000-4000-a000-00000000008a', '00000000-0000-4000-a000-00000000003c', 'Chloe Martin', '3_jours', 800, '2026-03-05', '2026-03-08', true);
INSERT INTO gym_passes (id, client_id, client_nom, type_pass, prix_paye, date_debut, date_expiration, actif) VALUES ('00000000-0000-4000-a000-00000000008b', '00000000-0000-4000-a000-00000000002a', 'Sarah Mitchell', '1_mois', 9000, '2025-12-01', '2026-05-30', true);

-- Checkins
INSERT INTO checkins (id, date, client_id, client_nom, gym_pass_id, type_entree, heure_entree, reservation_id) VALUES ('00000000-0000-4000-a000-00000000008c', '2026-03-06', '00000000-0000-4000-a000-000000000029', 'Pierre Dumont', '00000000-0000-4000-a000-000000000084', 'gym_pass', '07:30', NULL);
INSERT INTO checkins (id, date, client_id, client_nom, gym_pass_id, type_entree, heure_entree, reservation_id) VALUES ('00000000-0000-4000-a000-00000000008d', '2026-03-06', '00000000-0000-4000-a000-000000000041', 'Katarina Novak', NULL, 'hotel_resident', '08:00', '00000000-0000-4000-a000-000000000050');
INSERT INTO checkins (id, date, client_id, client_nom, gym_pass_id, type_entree, heure_entree, reservation_id) VALUES ('00000000-0000-4000-a000-00000000008e', '2026-03-06', '00000000-0000-4000-a000-00000000003b', 'Thomas Muller', '00000000-0000-4000-a000-000000000088', 'gym_pass', '08:15', NULL);
INSERT INTO checkins (id, date, client_id, client_nom, gym_pass_id, type_entree, heure_entree, reservation_id) VALUES ('00000000-0000-4000-a000-00000000008f', '2026-03-06', '00000000-0000-4000-a000-000000000042', 'Tyler Anderson', NULL, 'hotel_resident', '07:45', '00000000-0000-4000-a000-000000000059');
INSERT INTO checkins (id, date, client_id, client_nom, gym_pass_id, type_entree, heure_entree, reservation_id) VALUES ('00000000-0000-4000-a000-000000000090', '2026-03-06', '00000000-0000-4000-a000-000000000039', 'Alexei Sokolov', NULL, 'hotel_resident', '08:00', '00000000-0000-4000-a000-000000000062');
INSERT INTO checkins (id, date, client_id, client_nom, gym_pass_id, type_entree, heure_entree, reservation_id) VALUES ('00000000-0000-4000-a000-000000000091', '2026-03-06', '00000000-0000-4000-a000-000000000032', 'Ben Carter', '00000000-0000-4000-a000-000000000086', 'gym_pass', '09:45', NULL);
INSERT INTO checkins (id, date, client_id, client_nom, gym_pass_id, type_entree, heure_entree, reservation_id) VALUES ('00000000-0000-4000-a000-000000000092', '2026-03-06', '00000000-0000-4000-a000-000000000034', 'Sophie Dupont', '00000000-0000-4000-a000-000000000087', 'gym_pass', '09:14', NULL);
INSERT INTO checkins (id, date, client_id, client_nom, gym_pass_id, type_entree, heure_entree, reservation_id) VALUES ('00000000-0000-4000-a000-000000000093', '2026-03-06', '00000000-0000-4000-a000-000000000036', 'Hannah Clarke', '00000000-0000-4000-a000-000000000089', 'gym_pass', '10:20', NULL);
INSERT INTO checkins (id, date, client_id, client_nom, gym_pass_id, type_entree, heure_entree, reservation_id) VALUES ('00000000-0000-4000-a000-000000000094', '2026-03-06', '00000000-0000-4000-a000-00000000003c', 'Chloe Martin', '00000000-0000-4000-a000-00000000008a', 'gym_pass', '10:45', NULL);
INSERT INTO checkins (id, date, client_id, client_nom, gym_pass_id, type_entree, heure_entree, reservation_id) VALUES ('00000000-0000-4000-a000-000000000095', '2026-03-06', '00000000-0000-4000-a000-000000000049', 'Lea Fischer', NULL, 'gym_pass', '11:00', NULL);
INSERT INTO checkins (id, date, client_id, client_nom, gym_pass_id, type_entree, heure_entree, reservation_id) VALUES ('00000000-0000-4000-a000-000000000096', '2026-03-05', '00000000-0000-4000-a000-00000000003f', 'Hugo Moreau', NULL, 'gym_pass', '09:00', NULL);
INSERT INTO checkins (id, date, client_id, client_nom, gym_pass_id, type_entree, heure_entree, reservation_id) VALUES ('00000000-0000-4000-a000-000000000097', '2026-03-05', '00000000-0000-4000-a000-000000000040', 'Liam Scott', NULL, 'gym_pass', '10:30', NULL);
INSERT INTO checkins (id, date, client_id, client_nom, gym_pass_id, type_entree, heure_entree, reservation_id) VALUES ('00000000-0000-4000-a000-000000000098', '2026-03-05', '00000000-0000-4000-a000-000000000046', 'Felix Schneider', NULL, 'gym_pass', '08:45', NULL);
INSERT INTO checkins (id, date, client_id, client_nom, gym_pass_id, type_entree, heure_entree, reservation_id) VALUES ('00000000-0000-4000-a000-000000000099', '2026-03-07', '00000000-0000-4000-a000-000000000045', 'Elena Kuznetsova', NULL, 'gym_pass', '08:00', NULL);
INSERT INTO checkins (id, date, client_id, client_nom, gym_pass_id, type_entree, heure_entree, reservation_id) VALUES ('00000000-0000-4000-a000-00000000009a', '2026-03-07', '00000000-0000-4000-a000-000000000037', 'Max Bernard', NULL, 'gym_pass', '09:00', NULL);
INSERT INTO checkins (id, date, client_id, client_nom, gym_pass_id, type_entree, heure_entree, reservation_id) VALUES ('00000000-0000-4000-a000-00000000009b', '2026-03-07', '00000000-0000-4000-a000-00000000003d', 'Ryan O''Brien', NULL, 'gym_pass', '10:15', NULL);
INSERT INTO checkins (id, date, client_id, client_nom, gym_pass_id, type_entree, heure_entree, reservation_id) VALUES ('00000000-0000-4000-a000-00000000009c', '2026-03-07', '00000000-0000-4000-a000-000000000046', 'Felix Schneider', NULL, 'gym_pass', '10:45', NULL);
INSERT INTO checkins (id, date, client_id, client_nom, gym_pass_id, type_entree, heure_entree, reservation_id) VALUES ('00000000-0000-4000-a000-00000000009d', '2026-03-07', '00000000-0000-4000-a000-00000000004c', 'Carlos Rodriguez', NULL, 'hotel_resident', '08:30', '00000000-0000-4000-a000-00000000006b');
INSERT INTO checkins (id, date, client_id, client_nom, gym_pass_id, type_entree, heure_entree, reservation_id) VALUES ('00000000-0000-4000-a000-00000000009e', '2026-03-07', '00000000-0000-4000-a000-00000000004d', 'Yuki Tanaka', NULL, 'hotel_resident', '09:00', '00000000-0000-4000-a000-00000000007d');
INSERT INTO checkins (id, date, client_id, client_nom, gym_pass_id, type_entree, heure_entree, reservation_id) VALUES ('00000000-0000-4000-a000-00000000009f', '2026-03-08', '00000000-0000-4000-a000-000000000032', 'Ben Carter', '00000000-0000-4000-a000-000000000086', 'gym_pass', '08:15', NULL);
INSERT INTO checkins (id, date, client_id, client_nom, gym_pass_id, type_entree, heure_entree, reservation_id) VALUES ('00000000-0000-4000-a000-0000000000a0', '2026-03-08', '00000000-0000-4000-a000-000000000036', 'Hannah Clarke', '00000000-0000-4000-a000-000000000089', 'gym_pass', '09:15', NULL);
INSERT INTO checkins (id, date, client_id, client_nom, gym_pass_id, type_entree, heure_entree, reservation_id) VALUES ('00000000-0000-4000-a000-0000000000a1', '2026-03-08', '00000000-0000-4000-a000-000000000047', 'Charlotte Hughes', NULL, 'gym_pass', '09:45', NULL);
INSERT INTO checkins (id, date, client_id, client_nom, gym_pass_id, type_entree, heure_entree, reservation_id) VALUES ('00000000-0000-4000-a000-0000000000a2', '2026-03-08', '00000000-0000-4000-a000-00000000002b', 'Dmitri Volkov', NULL, 'hotel_resident', '07:45', '00000000-0000-4000-a000-000000000063');
INSERT INTO checkins (id, date, client_id, client_nom, gym_pass_id, type_entree, heure_entree, reservation_id) VALUES ('00000000-0000-4000-a000-0000000000a3', '2026-03-08', '00000000-0000-4000-a000-000000000044', 'Oliver Brown', NULL, 'gym_pass', '15:00', NULL);
INSERT INTO checkins (id, date, client_id, client_nom, gym_pass_id, type_entree, heure_entree, reservation_id) VALUES ('00000000-0000-4000-a000-0000000000a4', '2026-03-09', '00000000-0000-4000-a000-000000000035', 'James Wilson', NULL, 'gym_pass', '07:45', NULL);
INSERT INTO checkins (id, date, client_id, client_nom, gym_pass_id, type_entree, heure_entree, reservation_id) VALUES ('00000000-0000-4000-a000-0000000000a5', '2026-03-09', '00000000-0000-4000-a000-00000000002b', 'Dmitri Volkov', NULL, 'hotel_resident', '08:00', '00000000-0000-4000-a000-000000000063');
INSERT INTO checkins (id, date, client_id, client_nom, gym_pass_id, type_entree, heure_entree, reservation_id) VALUES ('00000000-0000-4000-a000-0000000000a6', '2026-03-09', '00000000-0000-4000-a000-000000000045', 'Elena Kuznetsova', NULL, 'hotel_resident', '08:15', '00000000-0000-4000-a000-00000000005a');
INSERT INTO checkins (id, date, client_id, client_nom, gym_pass_id, type_entree, heure_entree, reservation_id) VALUES ('00000000-0000-4000-a000-0000000000a7', '2026-03-09', '00000000-0000-4000-a000-00000000003d', 'Ryan O''Brien', NULL, 'gym_pass', '08:30', NULL);
INSERT INTO checkins (id, date, client_id, client_nom, gym_pass_id, type_entree, heure_entree, reservation_id) VALUES ('00000000-0000-4000-a000-0000000000a8', '2026-03-09', '00000000-0000-4000-a000-000000000049', 'Lea Fischer', NULL, 'gym_pass', '09:45', NULL);
INSERT INTO checkins (id, date, client_id, client_nom, gym_pass_id, type_entree, heure_entree, reservation_id) VALUES ('00000000-0000-4000-a000-0000000000a9', '2026-03-09', '00000000-0000-4000-a000-000000000037', 'Max Bernard', NULL, 'gym_pass', '10:45', NULL);
INSERT INTO checkins (id, date, client_id, client_nom, gym_pass_id, type_entree, heure_entree, reservation_id) VALUES ('00000000-0000-4000-a000-0000000000aa', '2026-03-09', '00000000-0000-4000-a000-00000000003e', 'Mia Johansson', NULL, 'gym_pass', '10:15', NULL);

-- Serviettes
INSERT INTO serviettes (id, numero, statut, client_nom, client_id, depot_thb, emprunt_at, retour_at) VALUES ('00000000-0000-4000-a000-0000000000ab', '01', 'en_cours', 'Pierre Dumont', '00000000-0000-4000-a000-000000000029', 100, '2026-03-06T09:15:00', NULL);
INSERT INTO serviettes (id, numero, statut, client_nom, client_id, depot_thb, emprunt_at, retour_at) VALUES ('00000000-0000-4000-a000-0000000000ac', '02', 'en_cours', 'Sarah Mitchell', '00000000-0000-4000-a000-00000000002a', 100, '2026-03-06T09:30:00', NULL);
INSERT INTO serviettes (id, numero, statut, client_nom, client_id, depot_thb, emprunt_at, retour_at) VALUES ('00000000-0000-4000-a000-0000000000ad', '03', 'en_cours', 'Ben Carter', '00000000-0000-4000-a000-000000000032', 100, '2026-03-06T10:00:00', NULL);
INSERT INTO serviettes (id, numero, statut, client_nom, client_id, depot_thb, emprunt_at, retour_at) VALUES ('00000000-0000-4000-a000-0000000000ae', '04', 'en_cours', 'Hannah Clarke', '00000000-0000-4000-a000-000000000036', 100, '2026-03-05T11:00:00', NULL);
INSERT INTO serviettes (id, numero, statut, client_nom, client_id, depot_thb, emprunt_at, retour_at) VALUES ('00000000-0000-4000-a000-0000000000af', '05', 'en_cours', 'Thomas Muller', '00000000-0000-4000-a000-00000000003b', 100, '2026-03-05T14:30:00', NULL);
INSERT INTO serviettes (id, numero, statut, client_nom, client_id, depot_thb, emprunt_at, retour_at) VALUES ('00000000-0000-4000-a000-0000000000b0', '06', 'en_cours', 'Jack Thompson', '00000000-0000-4000-a000-00000000002d', 100, '2026-03-04T08:45:00', NULL);
INSERT INTO serviettes (id, numero, statut, client_nom, client_id, depot_thb, emprunt_at, retour_at) VALUES ('00000000-0000-4000-a000-0000000000b1', '07', 'en_cours', 'Natasha Petrova', '00000000-0000-4000-a000-000000000033', 100, '2026-03-04T10:15:00', NULL);
INSERT INTO serviettes (id, numero, statut, client_nom, client_id, depot_thb, emprunt_at, retour_at) VALUES ('00000000-0000-4000-a000-0000000000b2', '08', 'en_cours', 'Chloe Martin', '00000000-0000-4000-a000-00000000003c', 100, '2026-03-03T09:00:00', NULL);
INSERT INTO serviettes (id, numero, statut, etat, client_nom, client_id, depot_thb, emprunt_at, retour_at) VALUES ('00000000-0000-4000-a000-0000000000b3', '09', 'rendue', 'sale', 'Camille Rousseau', '00000000-0000-4000-a000-000000000031', 100, '2026-03-01T10:00:00', '2026-03-01T18:00:00');
INSERT INTO serviettes (id, numero, statut, etat, client_nom, client_id, depot_thb, emprunt_at, retour_at) VALUES ('00000000-0000-4000-a000-0000000000b4', '10', 'rendue', 'sale', 'Lars Eriksson', '00000000-0000-4000-a000-000000000038', 100, '2026-03-01T11:30:00', '2026-03-01T18:00:00');
INSERT INTO serviettes (id, numero, statut, etat, client_nom, client_id, depot_thb, emprunt_at, retour_at) VALUES ('00000000-0000-4000-a000-0000000000b5', '11', 'rendue', 'sale', 'Sophie Dupont', '00000000-0000-4000-a000-000000000034', 100, '2026-02-28T09:45:00', '2026-02-28T18:00:00');
INSERT INTO serviettes (id, numero, statut, etat, client_nom, client_id, depot_thb, emprunt_at, retour_at) VALUES ('00000000-0000-4000-a000-0000000000b6', '12', 'rendue', 'en_lavage', 'Emily Davis', '00000000-0000-4000-a000-00000000003a', 100, '2026-02-27T14:00:00', '2026-02-27T18:00:00');
INSERT INTO serviettes (id, numero, statut, etat, client_nom, client_id, depot_thb, emprunt_at, retour_at) VALUES ('00000000-0000-4000-a000-0000000000b7', '13', 'rendue', 'en_lavage', 'Maxime Bernard', '00000000-0000-4000-a000-000000000037', 100, '2026-02-26T10:30:00', '2026-02-26T18:00:00');
INSERT INTO serviettes (id, numero, statut, etat, client_nom, client_id, depot_thb, emprunt_at, retour_at) VALUES ('00000000-0000-4000-a000-0000000000b8', '14', 'rendue', 'en_lavage', 'Dmitri Volkov', '00000000-0000-4000-a000-00000000002b', 100, '2026-02-25T08:30:00', '2026-02-25T18:00:00');
INSERT INTO serviettes (id, numero, statut, etat, depot_thb) VALUES ('00000000-0000-4000-a000-0000000001c2', '16', 'disponible', 'propre', 100);
INSERT INTO serviettes (id, numero, statut, etat, depot_thb) VALUES ('00000000-0000-4000-a000-0000000001c3', '17', 'disponible', 'propre', 100);
INSERT INTO serviettes (id, numero, statut, etat, depot_thb) VALUES ('00000000-0000-4000-a000-0000000001c4', '18', 'disponible', 'propre', 100);
INSERT INTO serviettes (id, numero, statut, etat, depot_thb) VALUES ('00000000-0000-4000-a000-0000000001c5', '19', 'disponible', 'propre', 100);
INSERT INTO reception_lavage (id, date, nb_comptees, nb_remises_stock, nb_creees, staff_id) VALUES ('00000000-0000-4000-a000-0000000001c6', '2026-03-05T10:00:00', 5, 5, 0, '00000000-0000-4000-a000-000000000001');
INSERT INTO serviettes (id, numero, statut, client_nom, client_id, depot_thb, emprunt_at, retour_at) VALUES ('00000000-0000-4000-a000-0000000000b9', '15', 'perdue', 'James Wilson', '00000000-0000-4000-a000-000000000035', 100, '2026-02-24T13:15:00', '2026-03-02T18:00:00');

-- Tables bar
INSERT INTO tables_bar (id, nom_table, client_nom, type_client, reservation_id, statut, total_thb, opened_at) VALUES ('00000000-0000-4000-a000-0000000000ba', 'Table 2', 'Marco', 'externe', NULL, 'ouverte', 280, '2026-03-06T11:30:00');
INSERT INTO tables_bar (id, nom_table, client_nom, type_client, reservation_id, statut, total_thb, opened_at) VALUES ('00000000-0000-4000-a000-0000000000bb', 'Transat', 'Sophie', 'gym', NULL, 'ouverte', 160, '2026-03-06T10:15:00');
INSERT INTO tables_bar (id, nom_table, client_nom, type_client, reservation_id, statut, total_thb, opened_at) VALUES ('00000000-0000-4000-a000-0000000000bc', 'Table 1', 'James & Laura', 'hotel', '00000000-0000-4000-a000-000000000060', 'ouverte', 540, '2026-03-06T12:00:00');
INSERT INTO tables_bar (id, nom_table, client_nom, type_client, reservation_id, statut, total_thb, opened_at) VALUES ('00000000-0000-4000-a000-0000000000bd', 'Bar', 'Thomas', 'externe', NULL, 'ouverte', 330, '2026-03-06T14:20:00');
INSERT INTO tables_bar (id, nom_table, client_nom, type_client, reservation_id, statut, total_thb, opened_at) VALUES ('00000000-0000-4000-a000-0000000000be', 'Plage', 'Anna', 'gym', NULL, 'ouverte', 120, '2026-03-06T09:45:00');
INSERT INTO tables_bar (id, nom_table, client_nom, type_client, reservation_id, statut, total_thb, opened_at) VALUES ('00000000-0000-4000-a000-0000000000bf', 'Table 4', 'David & Marie', 'hotel', '00000000-0000-4000-a000-00000000004f', 'ouverte', 630, '2026-03-06T12:45:00');
INSERT INTO tables_bar (id, nom_table, client_nom, type_client, reservation_id, statut, total_thb, opened_at) VALUES ('00000000-0000-4000-a000-0000000000c0', 'Table 3', 'Pierre', 'externe', NULL, 'payee', 210, '2026-03-06T08:30:00');
INSERT INTO tables_bar (id, nom_table, client_nom, type_client, reservation_id, statut, total_thb, opened_at) VALUES ('00000000-0000-4000-a000-0000000000c1', 'Table 5', 'Yuki', 'gym', NULL, 'ouverte', 220, '2026-03-06T10:00:00');

-- Table items
INSERT INTO table_items (id, table_id, nom, prix_unitaire, quantite) VALUES ('00000000-0000-4000-a000-0000000000c2', '00000000-0000-4000-a000-0000000000ba', 'Chang Beer', 80, 2);
INSERT INTO table_items (id, table_id, nom, prix_unitaire, quantite) VALUES ('00000000-0000-4000-a000-0000000000c3', '00000000-0000-4000-a000-0000000000ba', 'Pad Thai', 120, 1);
INSERT INTO table_items (id, table_id, nom, prix_unitaire, quantite) VALUES ('00000000-0000-4000-a000-0000000000c4', '00000000-0000-4000-a000-0000000000bb', 'Smoothie Mangue', 100, 1);
INSERT INTO table_items (id, table_id, nom, prix_unitaire, quantite) VALUES ('00000000-0000-4000-a000-0000000000c5', '00000000-0000-4000-a000-0000000000bb', 'Eau minerale', 30, 2);
INSERT INTO table_items (id, table_id, nom, prix_unitaire, quantite) VALUES ('00000000-0000-4000-a000-0000000000c6', '00000000-0000-4000-a000-0000000000bc', 'Club Sandwich', 180, 2);
INSERT INTO table_items (id, table_id, nom, prix_unitaire, quantite) VALUES ('00000000-0000-4000-a000-0000000000c7', '00000000-0000-4000-a000-0000000000bc', 'Coca Cola', 50, 2);
INSERT INTO table_items (id, table_id, nom, prix_unitaire, quantite) VALUES ('00000000-0000-4000-a000-0000000000c8', '00000000-0000-4000-a000-0000000000bc', 'French Fries', 80, 1);
INSERT INTO table_items (id, table_id, nom, prix_unitaire, quantite) VALUES ('00000000-0000-4000-a000-0000000000c9', '00000000-0000-4000-a000-0000000000bd', 'Singha Beer', 80, 3);
INSERT INTO table_items (id, table_id, nom, prix_unitaire, quantite) VALUES ('00000000-0000-4000-a000-0000000000ca', '00000000-0000-4000-a000-0000000000bd', 'Spring Rolls', 90, 1);
INSERT INTO table_items (id, table_id, nom, prix_unitaire, quantite) VALUES ('00000000-0000-4000-a000-0000000000cb', '00000000-0000-4000-a000-0000000000be', 'Protein Shake', 120, 1);
INSERT INTO table_items (id, table_id, nom, prix_unitaire, quantite) VALUES ('00000000-0000-4000-a000-0000000000cc', '00000000-0000-4000-a000-0000000000bf', 'Green Curry', 150, 2);
INSERT INTO table_items (id, table_id, nom, prix_unitaire, quantite) VALUES ('00000000-0000-4000-a000-0000000000cd', '00000000-0000-4000-a000-0000000000bf', 'Sticky Rice', 40, 2);
INSERT INTO table_items (id, table_id, nom, prix_unitaire, quantite) VALUES ('00000000-0000-4000-a000-0000000000ce', '00000000-0000-4000-a000-0000000000bf', 'Chang Beer', 80, 2);
INSERT INTO table_items (id, table_id, nom, prix_unitaire, quantite) VALUES ('00000000-0000-4000-a000-0000000000cf', '00000000-0000-4000-a000-0000000000bf', 'Mango Lassi', 90, 1);
INSERT INTO table_items (id, table_id, nom, prix_unitaire, quantite) VALUES ('00000000-0000-4000-a000-0000000000d0', '00000000-0000-4000-a000-0000000000c0', 'Espresso', 60, 2);
INSERT INTO table_items (id, table_id, nom, prix_unitaire, quantite) VALUES ('00000000-0000-4000-a000-0000000000d1', '00000000-0000-4000-a000-0000000000c0', 'Banana Pancake', 90, 1);
INSERT INTO table_items (id, table_id, nom, prix_unitaire, quantite) VALUES ('00000000-0000-4000-a000-0000000000d2', '00000000-0000-4000-a000-0000000000c1', 'Acai Bowl', 150, 1);
INSERT INTO table_items (id, table_id, nom, prix_unitaire, quantite) VALUES ('00000000-0000-4000-a000-0000000000d3', '00000000-0000-4000-a000-0000000000c1', 'Fresh OJ', 70, 1);

-- Room charges
INSERT INTO room_charges (id, reservation_id, bungalow_id, statut, total_thb, signature_base64, signed_at, signed_by) VALUES ('00000000-0000-4000-a000-0000000000d4', '00000000-0000-4000-a000-000000000050', 1, 'en_attente', 580, 'data:image/png;base64,iVBORw0KGgoAAAANSUhEUgAAAAEAAAABCAYAAAAfFcSJAAAADUlEQVR42mNk+M9QDwADhgGAWjR9awAAAABJRU5ErkJggg==', '2026-03-04T09:16:00', 'Sophie Martin');
INSERT INTO room_charges (id, reservation_id, bungalow_id, statut, total_thb, signature_base64, signed_at, signed_by) VALUES ('00000000-0000-4000-a000-0000000000d5', '00000000-0000-4000-a000-000000000050', 1, 'en_attente', 320, 'data:image/png;base64,iVBORw0KGgoAAAANSUhEUgAAAAEAAAABCAYAAAAfFcSJAAAADUlEQVR42mNk+M9QDwADhgGAWjR9awAAAABJRU5ErkJggg==', '2026-03-05T17:31:00', 'Sophie Martin');
INSERT INTO room_charges (id, reservation_id, bungalow_id, statut, total_thb, signature_base64, signed_at, signed_by) VALUES ('00000000-0000-4000-a000-0000000000d6', '00000000-0000-4000-a000-00000000006a', 4, 'en_attente', 190, 'data:image/png;base64,iVBORw0KGgoAAAANSUhEUgAAAAEAAAABCAYAAAAfFcSJAAAADUlEQVR42mNk+M9QDwADhgGAWjR9awAAAABJRU5ErkJggg==', '2026-03-06T08:46:00', 'Thomas Dubois');
INSERT INTO room_charges (id, reservation_id, bungalow_id, statut, total_thb, signature_base64, signed_at, signed_by) VALUES ('00000000-0000-4000-a000-0000000000d7', '00000000-0000-4000-a000-000000000073', 5, 'en_attente', 510, 'data:image/png;base64,iVBORw0KGgoAAAANSUhEUgAAAAEAAAABCAYAAAAfFcSJAAAADUlEQVR42mNk+M9QDwADhgGAWjR9awAAAABJRU5ErkJggg==', '2026-03-07T12:01:00', 'Emma Wilson');

-- Room charge items
INSERT INTO table_items (room_charge_id, nom, prix_unitaire, quantite) VALUES ('00000000-0000-4000-a000-0000000000d4', 'Smoothie Mangue', 180, 2);
INSERT INTO table_items (room_charge_id, nom, prix_unitaire, quantite) VALUES ('00000000-0000-4000-a000-0000000000d4', 'Bowl Protéiné', 220, 1);
INSERT INTO table_items (room_charge_id, nom, prix_unitaire, quantite) VALUES ('00000000-0000-4000-a000-0000000000d5', 'Eau Coco', 80, 2);
INSERT INTO table_items (room_charge_id, nom, prix_unitaire, quantite) VALUES ('00000000-0000-4000-a000-0000000000d5', 'Acai Bowl', 160, 1);
INSERT INTO table_items (room_charge_id, nom, prix_unitaire, quantite) VALUES ('00000000-0000-4000-a000-0000000000d6', 'Cocktail Sunset', 190, 1);
INSERT INTO table_items (room_charge_id, nom, prix_unitaire, quantite) VALUES ('00000000-0000-4000-a000-0000000000d7', 'Chang Beer', 80, 2);
INSERT INTO table_items (room_charge_id, nom, prix_unitaire, quantite) VALUES ('00000000-0000-4000-a000-0000000000d7', 'Pad Thai', 120, 1);
INSERT INTO table_items (room_charge_id, nom, prix_unitaire, quantite) VALUES ('00000000-0000-4000-a000-0000000000d7', 'Smoothie Mangue', 180, 1);

-- Depenses
INSERT INTO depenses (id, date, titre, grande_categorie, categorie, montant_thb, mode_paiement, admin_only, auto_generated, note) VALUES ('00000000-0000-4000-a000-0000000000d8', '2026-02-05', 'Singha + Chang livraison', 'gym', 'product_sold', 4200, 'black_box', false, false, 'Livraison hebdomadaire boissons');
INSERT INTO depenses (id, date, titre, grande_categorie, categorie, montant_thb, mode_paiement, admin_only, auto_generated, note) VALUES ('00000000-0000-4000-a000-0000000000d9', '2026-02-06', 'Glace pilée bar', 'gym', 'ice_bar', 350, 'black_box', false, false, 'Sac 20kg glace');
INSERT INTO depenses (id, date, titre, grande_categorie, categorie, montant_thb, mode_paiement, admin_only, auto_generated, note) VALUES ('00000000-0000-4000-a000-0000000000da', '2026-02-08', 'Repas staff midi', 'gym', 'staff_meal', 900, 'black_box', false, false, 'Dejeuner equipe x3');
INSERT INTO depenses (id, date, titre, grande_categorie, categorie, montant_thb, mode_paiement, admin_only, auto_generated, note) VALUES ('00000000-0000-4000-a000-0000000000db', '2026-02-10', 'Bois sauna 50kg', 'gym', 'gas_wood_sauna', 1200, 'change_box', false, false, 'Bois de chauffage sauna');
INSERT INTO depenses (id, date, titre, grande_categorie, categorie, montant_thb, mode_paiement, admin_only, auto_generated, note) VALUES ('00000000-0000-4000-a000-0000000000dc', '2026-02-12', 'Reparation toit gym', 'gym', 'maintenance_gym', 3500, 'cb_scan', false, false, 'Fuite toiture cote plage');
INSERT INTO depenses (id, date, titre, grande_categorie, categorie, montant_thb, mode_paiement, admin_only, auto_generated, note) VALUES ('00000000-0000-4000-a000-0000000000dd', '2026-02-14', 'Corde battle rope', 'gym', 'gym_equipment_others', 2800, 'cb_scan', false, false, 'Remplacement corde usee');
INSERT INTO depenses (id, date, titre, grande_categorie, categorie, montant_thb, mode_paiement, admin_only, auto_generated, note) VALUES ('00000000-0000-4000-a000-0000000000de', '2026-02-15', 'Electricite gym fevrier', 'gym', 'electricity_gym', 4800, 'cb_scan', false, false, 'Facture mensuelle');
INSERT INTO depenses (id, date, titre, grande_categorie, categorie, montant_thb, mode_paiement, admin_only, auto_generated, note) VALUES ('00000000-0000-4000-a000-0000000000df', '2026-02-17', 'Remplissage tank eau', 'gym', 'water_tank', 1500, 'black_box', false, false, 'Tank 1000L gym');
INSERT INTO depenses (id, date, titre, grande_categorie, categorie, montant_thb, mode_paiement, admin_only, auto_generated, note) VALUES ('00000000-0000-4000-a000-0000000000e0', '2026-02-19', 'Eau potable distributeur', 'gym', 'water', 600, 'black_box', false, false, 'Bidons 20L x4');
INSERT INTO depenses (id, date, titre, grande_categorie, categorie, montant_thb, mode_paiement, admin_only, auto_generated, note) VALUES ('00000000-0000-4000-a000-0000000000e1', '2026-02-20', 'Salaire Nong fevrier', 'gym', 'salary', 22000, 'cb_scan', false, false, 'Salaire mensuel reception');
INSERT INTO depenses (id, date, titre, grande_categorie, categorie, montant_thb, mode_paiement, admin_only, auto_generated, note) VALUES ('00000000-0000-4000-a000-0000000000e2', '2026-02-22', 'Flyers Sairee beach', 'gym', 'marketing', 1800, 'black_box', false, false, 'Impression 500 flyers promo');
INSERT INTO depenses (id, date, titre, grande_categorie, categorie, montant_thb, mode_paiement, admin_only, auto_generated, note) VALUES ('00000000-0000-4000-a000-0000000000e3', '2026-02-24', 'Proteines bar restock', 'gym', 'product_sold', 3200, 'change_box', false, false, 'Whey + BCAA');
INSERT INTO depenses (id, date, titre, grande_categorie, categorie, montant_thb, mode_paiement, admin_only, auto_generated, note) VALUES ('00000000-0000-4000-a000-0000000000e4', '2026-02-26', 'Glace quotidienne', 'gym', 'ice_bar', 350, 'black_box', false, false, NULL);
INSERT INTO depenses (id, date, titre, grande_categorie, categorie, montant_thb, mode_paiement, admin_only, auto_generated, note) VALUES ('00000000-0000-4000-a000-0000000000e5', '2026-02-28', 'Kettlebells 2x16kg', 'gym', 'gym_equipment_others', 5600, 'cb_scan', false, false, 'Nouveaux kettlebells');
INSERT INTO depenses (id, date, titre, grande_categorie, categorie, montant_thb, mode_paiement, admin_only, auto_generated, note) VALUES ('00000000-0000-4000-a000-0000000000e6', '2026-03-01', 'Repas staff soir', 'gym', 'staff_meal', 750, 'black_box', false, false, 'Diner equipe du soir');
INSERT INTO depenses (id, date, titre, grande_categorie, categorie, montant_thb, mode_paiement, admin_only, auto_generated, note) VALUES ('00000000-0000-4000-a000-0000000000e7', '2026-02-07', 'Courses marche matin', 'resort', 'daily_expenses', 1850, 'black_box', false, false, 'Fruits legumes pour la semaine');
INSERT INTO depenses (id, date, titre, grande_categorie, categorie, montant_thb, mode_paiement, admin_only, auto_generated, note) VALUES ('00000000-0000-4000-a000-0000000000e8', '2026-02-09', 'Laverie draps bungalows', 'resort', 'laundry', 2400, 'black_box', false, false, 'Nettoyage draps 8 bungalows');
INSERT INTO depenses (id, date, titre, grande_categorie, categorie, montant_thb, mode_paiement, admin_only, auto_generated, note) VALUES ('00000000-0000-4000-a000-0000000000e9', '2026-02-11', 'Produits menagers', 'resort', 'cleaning_products', 980, 'change_box', false, false, 'Javel + detergent + serpillieres');
INSERT INTO depenses (id, date, titre, grande_categorie, categorie, montant_thb, mode_paiement, admin_only, auto_generated, note) VALUES ('00000000-0000-4000-a000-0000000000ea', '2026-03-01', 'Salaire Ploy mars', 'resort', 'salary', 18000, 'cb_scan', false, false, 'Salaire mensuel bar');
INSERT INTO depenses (id, date, titre, grande_categorie, categorie, montant_thb, mode_paiement, admin_only, auto_generated, note) VALUES ('00000000-0000-4000-a000-0000000000eb', '2026-02-13', 'Chlore piscine', 'resort', 'swimming_pool_products', 1600, 'change_box', false, false, 'Chlore + pH- + kit test');
INSERT INTO depenses (id, date, titre, grande_categorie, categorie, montant_thb, mode_paiement, admin_only, auto_generated, note) VALUES ('00000000-0000-4000-a000-0000000000ec', '2026-02-16', 'Internet + electricite resort', 'resort', 'internet_electricity', 8500, 'cb_scan', false, false, 'Facture mensuelle fevrier');
INSERT INTO depenses (id, date, titre, grande_categorie, categorie, montant_thb, mode_paiement, admin_only, auto_generated, note) VALUES ('00000000-0000-4000-a000-0000000000ed', '2026-02-18', 'Plomberie bungalow 7', 'resort', 'maintenance', 3500, 'black_box', false, false, 'Reparation fuite douche');
INSERT INTO depenses (id, date, titre, grande_categorie, categorie, montant_thb, mode_paiement, admin_only, auto_generated, note) VALUES ('00000000-0000-4000-a000-0000000000ee', '2026-02-21', 'Matelas bungalow 2', 'resort', 'equipment', 8500, 'cb_scan', false, false, 'Remplacement matelas queen size');
INSERT INTO depenses (id, date, titre, grande_categorie, categorie, montant_thb, mode_paiement, admin_only, auto_generated, note) VALUES ('00000000-0000-4000-a000-0000000000ef', '2026-02-23', 'TM30 declaration', 'resort', 'tm30', 500, 'black_box', false, false, 'Frais immigration 2 guests');
INSERT INTO depenses (id, date, titre, grande_categorie, categorie, montant_thb, mode_paiement, admin_only, auto_generated, note) VALUES ('00000000-0000-4000-a000-0000000000f0', '2026-02-25', 'Panneaux solaires depot', 'resort', 'invest', 15000, 'cb_scan', false, false, 'Acompte installation solaire');
INSERT INTO depenses (id, date, titre, grande_categorie, categorie, montant_thb, mode_paiement, admin_only, auto_generated, note) VALUES ('00000000-0000-4000-a000-0000000000f1', '2026-03-02', 'Laverie serviettes', 'resort', 'laundry', 1200, 'black_box', false, false, 'Serviettes piscine + gym');
INSERT INTO depenses (id, date, titre, grande_categorie, categorie, montant_thb, mode_paiement, admin_only, auto_generated, note) VALUES ('00000000-0000-4000-a000-0000000000f2', '2026-03-04', 'Courses quotidiennes', 'resort', 'daily_expenses', 950, 'black_box', false, false, 'Oeufs lait pain');
INSERT INTO depenses (id, date, titre, grande_categorie, categorie, montant_thb, mode_paiement, admin_only, auto_generated, note) VALUES ('00000000-0000-4000-a000-0000000000f3', '2026-03-06', 'Smoothie fruits restock', 'gym', 'product_sold', 1400, 'black_box', false, false, 'Mangues bananes ananas');
INSERT INTO depenses (id, date, titre, grande_categorie, categorie, montant_thb, mode_paiement, admin_only, auto_generated, note) VALUES ('00000000-0000-4000-a000-0000000000f4', '2026-03-06', 'Produits piscine', 'resort', 'swimming_pool_products', 800, 'change_box', false, false, 'Pastilles chlore rapide');
INSERT INTO depenses (id, date, titre, grande_categorie, categorie, montant_thb, mode_paiement, admin_only, auto_generated, note) VALUES ('00000000-0000-4000-a000-0000000000f5', '2026-03-06', 'Maintenance clim bung 4', 'resort', 'maintenance', 2200, 'black_box', false, false, 'Nettoyage + recharge gaz');
INSERT INTO depenses (id, date, titre, grande_categorie, categorie, montant_thb, mode_paiement, admin_only, auto_generated, note) VALUES ('00000000-0000-4000-a000-0000000000f6', '2026-03-07', 'Glace quotidienne', 'gym', 'ice_bar', 350, 'black_box', false, false, 'Glace bar + gym');
INSERT INTO depenses (id, date, titre, grande_categorie, categorie, montant_thb, mode_paiement, admin_only, auto_generated, note) VALUES ('00000000-0000-4000-a000-0000000000f7', '2026-03-07', 'Repas staff midi', 'gym', 'staff_meal', 480, 'black_box', false, false, '3 repas staff');
INSERT INTO depenses (id, date, titre, grande_categorie, categorie, montant_thb, mode_paiement, admin_only, auto_generated, note) VALUES ('00000000-0000-4000-a000-0000000000f8', '2026-03-08', 'Courses marche matin', 'resort', 'daily_expenses', 1650, 'black_box', false, false, 'Fruits frais + lait + oeufs');
INSERT INTO depenses (id, date, titre, grande_categorie, categorie, montant_thb, mode_paiement, admin_only, auto_generated, note) VALUES ('00000000-0000-4000-a000-0000000000f9', '2026-03-08', 'Glace quotidienne', 'gym', 'ice_bar', 350, 'black_box', false, false, NULL);
INSERT INTO depenses (id, date, titre, grande_categorie, categorie, montant_thb, mode_paiement, admin_only, auto_generated, note) VALUES ('00000000-0000-4000-a000-0000000000fa', '2026-03-08', 'Laverie draps bungalows', 'resort', 'laundry', 1800, 'black_box', false, false, 'Check-out bung 1 + bung 4');
INSERT INTO depenses (id, date, titre, grande_categorie, categorie, montant_thb, mode_paiement, admin_only, auto_generated, note) VALUES ('00000000-0000-4000-a000-0000000000fb', '2026-03-07', 'Restock cafe + lait', 'fnb', 'fnb_restocking', 1200, 'black_box', false, false, 'Grains arabica + 6L lait');
INSERT INTO depenses (id, date, titre, grande_categorie, categorie, montant_thb, mode_paiement, admin_only, auto_generated, note) VALUES ('00000000-0000-4000-a000-0000000000fc', '2026-03-08', 'Fruits smoothies', 'fnb', 'fnb_ingredients', 950, 'black_box', false, false, 'Mangues bananes fraises');
INSERT INTO depenses (id, date, titre, grande_categorie, categorie, montant_thb, mode_paiement, admin_only, auto_generated, note) VALUES ('00000000-0000-4000-a000-0000000000fd', '2026-03-09', 'Glace quotidienne', 'gym', 'ice_bar', 350, 'black_box', false, false, NULL);
INSERT INTO depenses (id, date, titre, grande_categorie, categorie, montant_thb, mode_paiement, admin_only, auto_generated, note) VALUES ('00000000-0000-4000-a000-0000000000fe', '2026-03-09', 'Eau potable bidons', 'gym', 'water', 400, 'black_box', false, false, '4 bidons 20L');
INSERT INTO depenses (id, date, titre, grande_categorie, categorie, montant_thb, mode_paiement, admin_only, auto_generated, note) VALUES ('00000000-0000-4000-a000-0000000000ff', '2026-03-09', 'Repas staff midi', 'gym', 'staff_meal', 520, 'black_box', false, false, '3 repas + boissons');
INSERT INTO depenses (id, date, titre, grande_categorie, categorie, montant_thb, mode_paiement, admin_only, auto_generated, note) VALUES ('00000000-0000-4000-a000-000000000100', '2026-03-09', 'Restock bar boissons', 'fnb', 'fnb_restocking', 1800, 'change_box', false, false, 'Bieres + Coca + eau gazeuse');
INSERT INTO depenses (id, date, titre, grande_categorie, categorie, montant_thb, mode_paiement, admin_only, auto_generated, note) VALUES ('00000000-0000-4000-a000-000000000101', '2026-03-09', 'Courses marche matin', 'resort', 'daily_expenses', 1350, 'black_box', false, false, 'Oeufs avocat pain complet');
INSERT INTO depenses (id, date, titre, grande_categorie, categorie, montant_thb, mode_paiement, admin_only, auto_generated, note) VALUES ('00000000-0000-4000-a000-000000000102', '2026-02-10', 'Livraison boissons hebdo', 'fnb', 'fnb_restocking', 4800, 'black_box', false, false, 'Bieres Singha Chang + Coca + eau');
INSERT INTO depenses (id, date, titre, grande_categorie, categorie, montant_thb, mode_paiement, admin_only, auto_generated, note) VALUES ('00000000-0000-4000-a000-000000000103', '2026-02-12', 'Fruits frais marche', 'fnb', 'fnb_ingredients', 1100, 'black_box', false, false, 'Mangues ananas papaye bananes');
INSERT INTO depenses (id, date, titre, grande_categorie, categorie, montant_thb, mode_paiement, admin_only, auto_generated, note) VALUES ('00000000-0000-4000-a000-000000000104', '2026-02-14', 'Glace pilée bar', 'fnb', 'fnb_ice', 350, 'black_box', false, false, 'Sac 20kg');
INSERT INTO depenses (id, date, titre, grande_categorie, categorie, montant_thb, mode_paiement, admin_only, auto_generated, note) VALUES ('00000000-0000-4000-a000-000000000105', '2026-02-17', 'Gobelets + pailles bambou', 'fnb', 'fnb_packaging', 650, 'change_box', false, false, '200 gobelets + 100 pailles');
INSERT INTO depenses (id, date, titre, grande_categorie, categorie, montant_thb, mode_paiement, admin_only, auto_generated, note) VALUES ('00000000-0000-4000-a000-000000000106', '2026-02-20', 'Restock cafe grains', 'fnb', 'fnb_restocking', 2200, 'black_box', false, false, '5kg Arabica premium');
INSERT INTO depenses (id, date, titre, grande_categorie, categorie, montant_thb, mode_paiement, admin_only, auto_generated, note) VALUES ('00000000-0000-4000-a000-000000000107', '2026-02-22', 'Repas staff cuisine', 'fnb', 'fnb_staff_meal', 450, 'black_box', false, false, '2 repas staff bar');
INSERT INTO depenses (id, date, titre, grande_categorie, categorie, montant_thb, mode_paiement, admin_only, auto_generated, note) VALUES ('00000000-0000-4000-a000-000000000108', '2026-02-25', 'Reparation blender', 'fnb', 'fnb_maintenance', 800, 'change_box', false, false, 'Lame cassee blender smoothies');
INSERT INTO depenses (id, date, titre, grande_categorie, categorie, montant_thb, mode_paiement, admin_only, auto_generated, note) VALUES ('00000000-0000-4000-a000-000000000109', '2026-03-03', 'Livraison boissons hebdo', 'fnb', 'fnb_restocking', 5200, 'black_box', false, false, 'Bieres + sodas + jus');
INSERT INTO depenses (id, date, titre, grande_categorie, categorie, montant_thb, mode_paiement, admin_only, auto_generated, note) VALUES ('00000000-0000-4000-a000-00000000010a', '2026-03-05', 'Ingredients cuisine jour', 'fnb', 'fnb_ingredients', 780, 'black_box', false, false, 'Lait avoine + sirop + miel');
INSERT INTO depenses (id, date, titre, grande_categorie, categorie, montant_thb, mode_paiement, admin_only, auto_generated, note) VALUES ('00000000-0000-4000-a000-00000000010b', '2026-03-09', 'Glace pilée F&B', 'fnb', 'fnb_ice', 350, 'black_box', false, false, 'Sac 20kg cocktails');

-- Pointages
INSERT INTO pointages (id, staff_id, date, heure_arrivee, heure_depart, duree_minutes) VALUES ('00000000-0000-4000-a000-00000000010c', '00000000-0000-4000-a000-000000000001', '2026-02-16', '08:30', '17:00', 510);
INSERT INTO pointages (id, staff_id, date, heure_arrivee, heure_depart, duree_minutes) VALUES ('00000000-0000-4000-a000-00000000010d', '00000000-0000-4000-a000-000000000001', '2026-02-17', '08:15', '17:30', 555);
INSERT INTO pointages (id, staff_id, date, heure_arrivee, heure_depart, duree_minutes) VALUES ('00000000-0000-4000-a000-00000000010e', '00000000-0000-4000-a000-000000000001', '2026-02-18', '08:30', '17:00', 510);
INSERT INTO pointages (id, staff_id, date, heure_arrivee, heure_depart, duree_minutes) VALUES ('00000000-0000-4000-a000-00000000010f', '00000000-0000-4000-a000-000000000001', '2026-02-19', '08:45', '17:15', 510);
INSERT INTO pointages (id, staff_id, date, heure_arrivee, heure_depart, duree_minutes) VALUES ('00000000-0000-4000-a000-000000000110', '00000000-0000-4000-a000-000000000001', '2026-02-20', '08:30', '17:00', 510);
INSERT INTO pointages (id, staff_id, date, heure_arrivee, heure_depart, duree_minutes) VALUES ('00000000-0000-4000-a000-000000000111', '00000000-0000-4000-a000-000000000001', '2026-02-21', '08:30', '16:30', 480);
INSERT INTO pointages (id, staff_id, date, heure_arrivee, heure_depart, duree_minutes) VALUES ('00000000-0000-4000-a000-000000000112', '00000000-0000-4000-a000-000000000001', '2026-02-23', '08:30', '17:00', 510);
INSERT INTO pointages (id, staff_id, date, heure_arrivee, heure_depart, duree_minutes) VALUES ('00000000-0000-4000-a000-000000000113', '00000000-0000-4000-a000-000000000001', '2026-02-24', '08:15', '17:30', 555);
INSERT INTO pointages (id, staff_id, date, heure_arrivee, heure_depart, duree_minutes) VALUES ('00000000-0000-4000-a000-000000000114', '00000000-0000-4000-a000-000000000001', '2026-02-25', '08:30', '17:00', 510);
INSERT INTO pointages (id, staff_id, date, heure_arrivee, heure_depart, duree_minutes) VALUES ('00000000-0000-4000-a000-000000000115', '00000000-0000-4000-a000-000000000001', '2026-02-26', '08:45', '17:15', 510);
INSERT INTO pointages (id, staff_id, date, heure_arrivee, heure_depart, duree_minutes) VALUES ('00000000-0000-4000-a000-000000000116', '00000000-0000-4000-a000-000000000001', '2026-02-27', '08:30', '17:00', 510);
INSERT INTO pointages (id, staff_id, date, heure_arrivee, heure_depart, duree_minutes) VALUES ('00000000-0000-4000-a000-000000000117', '00000000-0000-4000-a000-000000000001', '2026-02-28', '08:30', '16:45', 495);
INSERT INTO pointages (id, staff_id, date, heure_arrivee, heure_depart, duree_minutes) VALUES ('00000000-0000-4000-a000-000000000118', '00000000-0000-4000-a000-000000000001', '2026-03-02', '08:30', NULL, NULL);
INSERT INTO pointages (id, staff_id, date, heure_arrivee, heure_depart, duree_minutes) VALUES ('00000000-0000-4000-a000-000000000119', '00000000-0000-4000-a000-000000000002', '2026-02-16', '07:45', '16:45', 540);
INSERT INTO pointages (id, staff_id, date, heure_arrivee, heure_depart, duree_minutes) VALUES ('00000000-0000-4000-a000-00000000011a', '00000000-0000-4000-a000-000000000002', '2026-02-18', '07:30', '16:30', 540);
INSERT INTO pointages (id, staff_id, date, heure_arrivee, heure_depart, duree_minutes) VALUES ('00000000-0000-4000-a000-00000000011b', '00000000-0000-4000-a000-000000000002', '2026-02-19', '07:45', '16:45', 540);
INSERT INTO pointages (id, staff_id, date, heure_arrivee, heure_depart, duree_minutes) VALUES ('00000000-0000-4000-a000-00000000011c', '00000000-0000-4000-a000-000000000002', '2026-02-20', '07:30', '16:30', 540);
INSERT INTO pointages (id, staff_id, date, heure_arrivee, heure_depart, duree_minutes) VALUES ('00000000-0000-4000-a000-00000000011d', '00000000-0000-4000-a000-000000000002', '2026-02-21', '07:45', '16:45', 540);
INSERT INTO pointages (id, staff_id, date, heure_arrivee, heure_depart, duree_minutes) VALUES ('00000000-0000-4000-a000-00000000011e', '00000000-0000-4000-a000-000000000002', '2026-02-22', '07:30', '16:30', 540);
INSERT INTO pointages (id, staff_id, date, heure_arrivee, heure_depart, duree_minutes) VALUES ('00000000-0000-4000-a000-00000000011f', '00000000-0000-4000-a000-000000000002', '2026-02-23', '07:45', '16:45', 540);
INSERT INTO pointages (id, staff_id, date, heure_arrivee, heure_depart, duree_minutes) VALUES ('00000000-0000-4000-a000-000000000120', '00000000-0000-4000-a000-000000000002', '2026-02-25', '07:30', '16:30', 540);
INSERT INTO pointages (id, staff_id, date, heure_arrivee, heure_depart, duree_minutes) VALUES ('00000000-0000-4000-a000-000000000121', '00000000-0000-4000-a000-000000000002', '2026-02-26', '07:45', '16:45', 540);
INSERT INTO pointages (id, staff_id, date, heure_arrivee, heure_depart, duree_minutes) VALUES ('00000000-0000-4000-a000-000000000122', '00000000-0000-4000-a000-000000000002', '2026-02-27', '07:30', '16:30', 540);
INSERT INTO pointages (id, staff_id, date, heure_arrivee, heure_depart, duree_minutes) VALUES ('00000000-0000-4000-a000-000000000123', '00000000-0000-4000-a000-000000000002', '2026-02-28', '07:45', '16:45', 540);
INSERT INTO pointages (id, staff_id, date, heure_arrivee, heure_depart, duree_minutes) VALUES ('00000000-0000-4000-a000-000000000124', '00000000-0000-4000-a000-000000000002', '2026-03-01', '07:30', '16:30', 540);
INSERT INTO pointages (id, staff_id, date, heure_arrivee, heure_depart, duree_minutes) VALUES ('00000000-0000-4000-a000-000000000125', '00000000-0000-4000-a000-000000000002', '2026-03-02', '07:45', NULL, NULL);
INSERT INTO pointages (id, staff_id, date, heure_arrivee, heure_depart, duree_minutes) VALUES ('00000000-0000-4000-a000-000000000126', '00000000-0000-4000-a000-000000000003', '2026-02-16', '08:15', '17:15', 540);
INSERT INTO pointages (id, staff_id, date, heure_arrivee, heure_depart, duree_minutes) VALUES ('00000000-0000-4000-a000-000000000127', '00000000-0000-4000-a000-000000000003', '2026-02-17', '08:00', '17:00', 540);
INSERT INTO pointages (id, staff_id, date, heure_arrivee, heure_depart, duree_minutes) VALUES ('00000000-0000-4000-a000-000000000128', '00000000-0000-4000-a000-000000000003', '2026-02-18', '08:15', '17:15', 540);
INSERT INTO pointages (id, staff_id, date, heure_arrivee, heure_depart, duree_minutes) VALUES ('00000000-0000-4000-a000-000000000129', '00000000-0000-4000-a000-000000000003', '2026-02-19', '08:00', '17:00', 540);
INSERT INTO pointages (id, staff_id, date, heure_arrivee, heure_depart, duree_minutes) VALUES ('00000000-0000-4000-a000-00000000012a', '00000000-0000-4000-a000-000000000003', '2026-02-21', '08:15', '17:15', 540);
INSERT INTO pointages (id, staff_id, date, heure_arrivee, heure_depart, duree_minutes) VALUES ('00000000-0000-4000-a000-00000000012b', '00000000-0000-4000-a000-000000000003', '2026-02-22', '08:00', '17:00', 540);
INSERT INTO pointages (id, staff_id, date, heure_arrivee, heure_depart, duree_minutes) VALUES ('00000000-0000-4000-a000-00000000012c', '00000000-0000-4000-a000-000000000003', '2026-02-23', '08:15', '17:15', 540);
INSERT INTO pointages (id, staff_id, date, heure_arrivee, heure_depart, duree_minutes) VALUES ('00000000-0000-4000-a000-00000000012d', '00000000-0000-4000-a000-000000000003', '2026-02-24', '08:00', '17:00', 540);
INSERT INTO pointages (id, staff_id, date, heure_arrivee, heure_depart, duree_minutes) VALUES ('00000000-0000-4000-a000-00000000012e', '00000000-0000-4000-a000-000000000003', '2026-02-25', '08:15', '17:15', 540);
INSERT INTO pointages (id, staff_id, date, heure_arrivee, heure_depart, duree_minutes) VALUES ('00000000-0000-4000-a000-00000000012f', '00000000-0000-4000-a000-000000000003', '2026-02-26', '08:00', '17:00', 540);
INSERT INTO pointages (id, staff_id, date, heure_arrivee, heure_depart, duree_minutes) VALUES ('00000000-0000-4000-a000-000000000130', '00000000-0000-4000-a000-000000000003', '2026-02-28', '08:15', '17:15', 540);
INSERT INTO pointages (id, staff_id, date, heure_arrivee, heure_depart, duree_minutes) VALUES ('00000000-0000-4000-a000-000000000131', '00000000-0000-4000-a000-000000000003', '2026-03-01', '08:00', '17:00', 540);
INSERT INTO pointages (id, staff_id, date, heure_arrivee, heure_depart, duree_minutes) VALUES ('00000000-0000-4000-a000-000000000132', '00000000-0000-4000-a000-000000000003', '2026-03-02', '08:15', '12:30', 255);
INSERT INTO pointages (id, staff_id, date, heure_arrivee, heure_depart, duree_minutes) VALUES ('00000000-0000-4000-a000-000000000133', '00000000-0000-4000-a000-000000000004', '2026-02-17', '10:00', '19:00', 540);
INSERT INTO pointages (id, staff_id, date, heure_arrivee, heure_depart, duree_minutes) VALUES ('00000000-0000-4000-a000-000000000134', '00000000-0000-4000-a000-000000000004', '2026-02-18', '10:30', '19:30', 540);
INSERT INTO pointages (id, staff_id, date, heure_arrivee, heure_depart, duree_minutes) VALUES ('00000000-0000-4000-a000-000000000135', '00000000-0000-4000-a000-000000000004', '2026-02-19', '10:00', '19:00', 540);
INSERT INTO pointages (id, staff_id, date, heure_arrivee, heure_depart, duree_minutes) VALUES ('00000000-0000-4000-a000-000000000136', '00000000-0000-4000-a000-000000000004', '2026-02-20', '10:15', '19:15', 540);
INSERT INTO pointages (id, staff_id, date, heure_arrivee, heure_depart, duree_minutes) VALUES ('00000000-0000-4000-a000-000000000137', '00000000-0000-4000-a000-000000000004', '2026-02-21', '10:00', '20:00', 600);
INSERT INTO pointages (id, staff_id, date, heure_arrivee, heure_depart, duree_minutes) VALUES ('00000000-0000-4000-a000-000000000138', '00000000-0000-4000-a000-000000000004', '2026-02-22', '10:00', '20:00', 600);
INSERT INTO pointages (id, staff_id, date, heure_arrivee, heure_depart, duree_minutes) VALUES ('00000000-0000-4000-a000-000000000139', '00000000-0000-4000-a000-000000000004', '2026-02-24', '10:00', '19:00', 540);
INSERT INTO pointages (id, staff_id, date, heure_arrivee, heure_depart, duree_minutes) VALUES ('00000000-0000-4000-a000-00000000013a', '00000000-0000-4000-a000-000000000004', '2026-02-25', '10:30', '19:30', 540);
INSERT INTO pointages (id, staff_id, date, heure_arrivee, heure_depart, duree_minutes) VALUES ('00000000-0000-4000-a000-00000000013b', '00000000-0000-4000-a000-000000000004', '2026-02-26', '10:00', '19:00', 540);
INSERT INTO pointages (id, staff_id, date, heure_arrivee, heure_depart, duree_minutes) VALUES ('00000000-0000-4000-a000-00000000013c', '00000000-0000-4000-a000-000000000004', '2026-02-27', '10:15', '19:15', 540);
INSERT INTO pointages (id, staff_id, date, heure_arrivee, heure_depart, duree_minutes) VALUES ('00000000-0000-4000-a000-00000000013d', '00000000-0000-4000-a000-000000000004', '2026-02-28', '10:00', '20:00', 600);
INSERT INTO pointages (id, staff_id, date, heure_arrivee, heure_depart, duree_minutes) VALUES ('00000000-0000-4000-a000-00000000013e', '00000000-0000-4000-a000-000000000004', '2026-03-01', '10:00', '20:00', 600);
INSERT INTO pointages (id, staff_id, date, heure_arrivee, heure_depart, duree_minutes) VALUES ('00000000-0000-4000-a000-00000000013f', '00000000-0000-4000-a000-000000000004', '2026-03-02', '10:00', NULL, NULL);
INSERT INTO pointages (id, staff_id, date, heure_arrivee, heure_depart, duree_minutes) VALUES ('00000000-0000-4000-a000-000000000140', '00000000-0000-4000-a000-000000000005', '2026-02-16', '11:00', '20:00', 540);
INSERT INTO pointages (id, staff_id, date, heure_arrivee, heure_depart, duree_minutes) VALUES ('00000000-0000-4000-a000-000000000141', '00000000-0000-4000-a000-000000000005', '2026-02-17', '11:00', '20:00', 540);
INSERT INTO pointages (id, staff_id, date, heure_arrivee, heure_depart, duree_minutes) VALUES ('00000000-0000-4000-a000-000000000142', '00000000-0000-4000-a000-000000000005', '2026-02-18', '11:30', '20:30', 540);
INSERT INTO pointages (id, staff_id, date, heure_arrivee, heure_depart, duree_minutes) VALUES ('00000000-0000-4000-a000-000000000143', '00000000-0000-4000-a000-000000000005', '2026-02-20', '11:00', '20:00', 540);
INSERT INTO pointages (id, staff_id, date, heure_arrivee, heure_depart, duree_minutes) VALUES ('00000000-0000-4000-a000-000000000144', '00000000-0000-4000-a000-000000000005', '2026-02-21', '11:00', '21:00', 600);
INSERT INTO pointages (id, staff_id, date, heure_arrivee, heure_depart, duree_minutes) VALUES ('00000000-0000-4000-a000-000000000145', '00000000-0000-4000-a000-000000000005', '2026-02-22', '11:00', '21:00', 600);
INSERT INTO pointages (id, staff_id, date, heure_arrivee, heure_depart, duree_minutes) VALUES ('00000000-0000-4000-a000-000000000146', '00000000-0000-4000-a000-000000000005', '2026-02-23', '11:00', '20:00', 540);
INSERT INTO pointages (id, staff_id, date, heure_arrivee, heure_depart, duree_minutes) VALUES ('00000000-0000-4000-a000-000000000147', '00000000-0000-4000-a000-000000000005', '2026-02-24', '11:00', '20:00', 540);
INSERT INTO pointages (id, staff_id, date, heure_arrivee, heure_depart, duree_minutes) VALUES ('00000000-0000-4000-a000-000000000148', '00000000-0000-4000-a000-000000000005', '2026-02-25', '11:30', '20:30', 540);
INSERT INTO pointages (id, staff_id, date, heure_arrivee, heure_depart, duree_minutes) VALUES ('00000000-0000-4000-a000-000000000149', '00000000-0000-4000-a000-000000000005', '2026-02-27', '11:00', '20:00', 540);
INSERT INTO pointages (id, staff_id, date, heure_arrivee, heure_depart, duree_minutes) VALUES ('00000000-0000-4000-a000-00000000014a', '00000000-0000-4000-a000-000000000005', '2026-02-28', '11:00', '21:00', 600);
INSERT INTO pointages (id, staff_id, date, heure_arrivee, heure_depart, duree_minutes) VALUES ('00000000-0000-4000-a000-00000000014b', '00000000-0000-4000-a000-000000000005', '2026-03-01', '11:00', '21:00', 600);
INSERT INTO pointages (id, staff_id, date, heure_arrivee, heure_depart, duree_minutes) VALUES ('00000000-0000-4000-a000-00000000014c', '00000000-0000-4000-a000-000000000005', '2026-03-02', '11:00', NULL, NULL);

-- Planning shifts
INSERT INTO planning_shifts (id, staff_id, date, heure_debut, heure_fin, poste_shift, repas_inclus, note, publie) VALUES ('00000000-0000-4000-a000-00000000014d', '00000000-0000-4000-a000-000000000001', '2026-03-02', '08:00', '16:00', 'reception', true, NULL, true);
INSERT INTO planning_shifts (id, staff_id, date, heure_debut, heure_fin, poste_shift, repas_inclus, note, publie) VALUES ('00000000-0000-4000-a000-00000000014e', '00000000-0000-4000-a000-000000000002', '2026-03-02', '12:00', '20:00', 'reception', true, NULL, true);
INSERT INTO planning_shifts (id, staff_id, date, heure_debut, heure_fin, poste_shift, repas_inclus, note, publie) VALUES ('00000000-0000-4000-a000-00000000014f', '00000000-0000-4000-a000-000000000004', '2026-03-02', '15:00', '23:00', 'bar', true, NULL, true);
INSERT INTO planning_shifts (id, staff_id, date, heure_debut, heure_fin, poste_shift, repas_inclus, note, publie) VALUES ('00000000-0000-4000-a000-000000000150', '00000000-0000-4000-a000-000000000005', '2026-03-02', '12:00', '20:00', 'bar', false, NULL, true);
INSERT INTO planning_shifts (id, staff_id, date, heure_debut, heure_fin, poste_shift, repas_inclus, note, publie) VALUES ('00000000-0000-4000-a000-000000000151', '00000000-0000-4000-a000-000000000001', '2026-03-03', '08:00', '16:00', 'reception', true, NULL, true);
INSERT INTO planning_shifts (id, staff_id, date, heure_debut, heure_fin, poste_shift, repas_inclus, note, publie) VALUES ('00000000-0000-4000-a000-000000000152', '00000000-0000-4000-a000-000000000003', '2026-03-03', '12:00', '20:00', 'reception', true, NULL, true);
INSERT INTO planning_shifts (id, staff_id, date, heure_debut, heure_fin, poste_shift, repas_inclus, note, publie) VALUES ('00000000-0000-4000-a000-000000000153', '00000000-0000-4000-a000-000000000004', '2026-03-03', '15:00', '23:00', 'bar', true, NULL, true);
INSERT INTO planning_shifts (id, staff_id, date, heure_debut, heure_fin, poste_shift, repas_inclus, note, publie) VALUES ('00000000-0000-4000-a000-000000000154', '00000000-0000-4000-a000-000000000005', '2026-03-03', '12:00', '20:00', 'bar', true, 'Seul ce jour', true);
INSERT INTO planning_shifts (id, staff_id, date, heure_debut, heure_fin, poste_shift, repas_inclus, note, publie) VALUES ('00000000-0000-4000-a000-000000000155', '00000000-0000-4000-a000-000000000002', '2026-03-04', '08:00', '16:00', 'reception', true, NULL, true);
INSERT INTO planning_shifts (id, staff_id, date, heure_debut, heure_fin, poste_shift, repas_inclus, note, publie) VALUES ('00000000-0000-4000-a000-000000000156', '00000000-0000-4000-a000-000000000001', '2026-03-04', '12:00', '20:00', 'reception', true, NULL, true);
INSERT INTO planning_shifts (id, staff_id, date, heure_debut, heure_fin, poste_shift, repas_inclus, note, publie) VALUES ('00000000-0000-4000-a000-000000000157', '00000000-0000-4000-a000-000000000004', '2026-03-04', '15:00', '23:00', 'bar', true, NULL, true);
INSERT INTO planning_shifts (id, staff_id, date, heure_debut, heure_fin, poste_shift, repas_inclus, note, publie) VALUES ('00000000-0000-4000-a000-000000000158', '00000000-0000-4000-a000-000000000003', '2026-03-05', '08:00', '16:00', 'reception', true, NULL, true);
INSERT INTO planning_shifts (id, staff_id, date, heure_debut, heure_fin, poste_shift, repas_inclus, note, publie) VALUES ('00000000-0000-4000-a000-000000000159', '00000000-0000-4000-a000-000000000002', '2026-03-05', '12:00', '20:00', 'reception', true, NULL, true);
INSERT INTO planning_shifts (id, staff_id, date, heure_debut, heure_fin, poste_shift, repas_inclus, note, publie) VALUES ('00000000-0000-4000-a000-00000000015a', '00000000-0000-4000-a000-000000000005', '2026-03-05', '15:00', '23:00', 'bar', true, NULL, true);
INSERT INTO planning_shifts (id, staff_id, date, heure_debut, heure_fin, poste_shift, repas_inclus, note, publie) VALUES ('00000000-0000-4000-a000-00000000015b', '00000000-0000-4000-a000-000000000004', '2026-03-05', '12:00', '20:00', 'bar', false, NULL, true);
INSERT INTO planning_shifts (id, staff_id, date, heure_debut, heure_fin, poste_shift, repas_inclus, note, publie) VALUES ('00000000-0000-4000-a000-00000000015c', '00000000-0000-4000-a000-000000000001', '2026-03-06', '08:00', '16:00', 'reception', true, NULL, true);
INSERT INTO planning_shifts (id, staff_id, date, heure_debut, heure_fin, poste_shift, repas_inclus, note, publie) VALUES ('00000000-0000-4000-a000-00000000015d', '00000000-0000-4000-a000-000000000005', '2026-03-06', '15:00', '23:00', 'bar', true, 'Remplace Marco', true);
INSERT INTO planning_shifts (id, staff_id, date, heure_debut, heure_fin, poste_shift, repas_inclus, note, publie) VALUES ('00000000-0000-4000-a000-00000000015e', '00000000-0000-4000-a000-000000000003', '2026-03-07', '08:00', '16:00', 'reception', true, NULL, true);
INSERT INTO planning_shifts (id, staff_id, date, heure_debut, heure_fin, poste_shift, repas_inclus, note, publie) VALUES ('00000000-0000-4000-a000-00000000015f', '00000000-0000-4000-a000-000000000002', '2026-03-07', '12:00', '20:00', 'reception', true, NULL, true);
INSERT INTO planning_shifts (id, staff_id, date, heure_debut, heure_fin, poste_shift, repas_inclus, note, publie) VALUES ('00000000-0000-4000-a000-000000000160', '00000000-0000-4000-a000-000000000004', '2026-03-07', '15:00', '23:00', 'bar', true, NULL, true);
INSERT INTO planning_shifts (id, staff_id, date, heure_debut, heure_fin, poste_shift, repas_inclus, note, publie) VALUES ('00000000-0000-4000-a000-000000000161', '00000000-0000-4000-a000-000000000001', '2026-03-08', '08:00', '16:00', 'reception', true, NULL, true);
INSERT INTO planning_shifts (id, staff_id, date, heure_debut, heure_fin, poste_shift, repas_inclus, note, publie) VALUES ('00000000-0000-4000-a000-000000000162', '00000000-0000-4000-a000-000000000005', '2026-03-08', '12:00', '20:00', 'bar', true, NULL, true);
INSERT INTO planning_shifts (id, staff_id, date, heure_debut, heure_fin, poste_shift, repas_inclus, note, publie) VALUES ('00000000-0000-4000-a000-000000000163', '00000000-0000-4000-a000-000000000004', '2026-03-08', '17:00', '23:00', 'bar', false, NULL, true);
INSERT INTO planning_shifts (id, staff_id, date, heure_debut, heure_fin, poste_shift, repas_inclus, note, publie) VALUES ('00000000-0000-4000-a000-000000000164', '00000000-0000-4000-a000-000000000001', '2026-03-09', '08:00', '16:00', 'reception', true, NULL, false);
INSERT INTO planning_shifts (id, staff_id, date, heure_debut, heure_fin, poste_shift, repas_inclus, note, publie) VALUES ('00000000-0000-4000-a000-000000000165', '00000000-0000-4000-a000-000000000002', '2026-03-09', '12:00', '20:00', 'reception', true, NULL, false);
INSERT INTO planning_shifts (id, staff_id, date, heure_debut, heure_fin, poste_shift, repas_inclus, note, publie) VALUES ('00000000-0000-4000-a000-000000000166', '00000000-0000-4000-a000-000000000004', '2026-03-09', '15:00', '23:00', 'bar', true, NULL, false);
INSERT INTO planning_shifts (id, staff_id, date, heure_debut, heure_fin, poste_shift, repas_inclus, note, publie) VALUES ('00000000-0000-4000-a000-000000000167', '00000000-0000-4000-a000-000000000005', '2026-03-09', '12:00', '20:00', 'bar', true, NULL, false);
INSERT INTO planning_shifts (id, staff_id, date, heure_debut, heure_fin, poste_shift, repas_inclus, note, publie) VALUES ('00000000-0000-4000-a000-000000000168', '00000000-0000-4000-a000-000000000003', '2026-03-10', '08:00', '16:00', 'reception', true, NULL, false);
INSERT INTO planning_shifts (id, staff_id, date, heure_debut, heure_fin, poste_shift, repas_inclus, note, publie) VALUES ('00000000-0000-4000-a000-000000000169', '00000000-0000-4000-a000-000000000001', '2026-03-10', '12:00', '20:00', 'reception', true, NULL, false);
INSERT INTO planning_shifts (id, staff_id, date, heure_debut, heure_fin, poste_shift, repas_inclus, note, publie) VALUES ('00000000-0000-4000-a000-00000000016a', '00000000-0000-4000-a000-000000000004', '2026-03-10', '15:00', '23:00', 'bar', true, NULL, false);
INSERT INTO planning_shifts (id, staff_id, date, heure_debut, heure_fin, poste_shift, repas_inclus, note, publie) VALUES ('00000000-0000-4000-a000-00000000016b', '00000000-0000-4000-a000-000000000002', '2026-03-11', '08:00', '16:00', 'reception', true, NULL, false);
INSERT INTO planning_shifts (id, staff_id, date, heure_debut, heure_fin, poste_shift, repas_inclus, note, publie) VALUES ('00000000-0000-4000-a000-00000000016c', '00000000-0000-4000-a000-000000000005', '2026-03-11', '15:00', '23:00', 'bar', true, NULL, false);
INSERT INTO planning_shifts (id, staff_id, date, heure_debut, heure_fin, poste_shift, repas_inclus, note, publie) VALUES ('00000000-0000-4000-a000-00000000016d', '00000000-0000-4000-a000-000000000004', '2026-03-11', '12:00', '20:00', 'bar', true, NULL, false);
INSERT INTO planning_shifts (id, staff_id, date, heure_debut, heure_fin, poste_shift, repas_inclus, note, publie) VALUES ('00000000-0000-4000-a000-00000000016e', '00000000-0000-4000-a000-000000000001', '2026-03-12', '08:00', '16:00', 'reception', true, NULL, false);
INSERT INTO planning_shifts (id, staff_id, date, heure_debut, heure_fin, poste_shift, repas_inclus, note, publie) VALUES ('00000000-0000-4000-a000-00000000016f', '00000000-0000-4000-a000-000000000003', '2026-03-12', '12:00', '20:00', 'reception', true, NULL, false);
INSERT INTO planning_shifts (id, staff_id, date, heure_debut, heure_fin, poste_shift, repas_inclus, note, publie) VALUES ('00000000-0000-4000-a000-000000000170', '00000000-0000-4000-a000-000000000005', '2026-03-12', '15:00', '23:00', 'bar', true, 'Seul ce jour', false);
INSERT INTO planning_shifts (id, staff_id, date, heure_debut, heure_fin, poste_shift, repas_inclus, note, publie) VALUES ('00000000-0000-4000-a000-000000000171', '00000000-0000-4000-a000-000000000002', '2026-03-13', '08:00', '16:00', 'reception', true, NULL, false);
INSERT INTO planning_shifts (id, staff_id, date, heure_debut, heure_fin, poste_shift, repas_inclus, note, publie) VALUES ('00000000-0000-4000-a000-000000000172', '00000000-0000-4000-a000-000000000004', '2026-03-13', '15:00', '23:00', 'bar', true, NULL, false);
INSERT INTO planning_shifts (id, staff_id, date, heure_debut, heure_fin, poste_shift, repas_inclus, note, publie) VALUES ('00000000-0000-4000-a000-000000000173', '00000000-0000-4000-a000-000000000003', '2026-03-14', '08:00', '16:00', 'reception', true, NULL, false);
INSERT INTO planning_shifts (id, staff_id, date, heure_debut, heure_fin, poste_shift, repas_inclus, note, publie) VALUES ('00000000-0000-4000-a000-000000000174', '00000000-0000-4000-a000-000000000005', '2026-03-14', '12:00', '20:00', 'bar', true, NULL, false);
INSERT INTO planning_shifts (id, staff_id, date, heure_debut, heure_fin, poste_shift, repas_inclus, note, publie) VALUES ('00000000-0000-4000-a000-000000000175', '00000000-0000-4000-a000-000000000004', '2026-03-15', '15:00', '23:00', 'bar', true, NULL, false);
INSERT INTO planning_shifts (id, staff_id, date, heure_debut, heure_fin, poste_shift, repas_inclus, note, publie) VALUES ('00000000-0000-4000-a000-000000000176', '00000000-0000-4000-a000-000000000001', '2026-03-15', '08:00', '16:00', 'reception', true, NULL, false);
INSERT INTO planning_shifts (id, staff_id, date, heure_debut, heure_fin, poste_shift, repas_inclus, note, publie) VALUES ('00000000-0000-4000-a000-000000000177', '00000000-0000-4000-a000-000000000002', '2026-03-16', '08:00', '16:00', 'reception', true, NULL, false);
INSERT INTO planning_shifts (id, staff_id, date, heure_debut, heure_fin, poste_shift, repas_inclus, note, publie) VALUES ('00000000-0000-4000-a000-000000000178', '00000000-0000-4000-a000-000000000003', '2026-03-16', '12:00', '20:00', 'reception', true, NULL, false);
INSERT INTO planning_shifts (id, staff_id, date, heure_debut, heure_fin, poste_shift, repas_inclus, note, publie) VALUES ('00000000-0000-4000-a000-000000000179', '00000000-0000-4000-a000-000000000004', '2026-03-16', '15:00', '23:00', 'bar', true, NULL, false);
INSERT INTO planning_shifts (id, staff_id, date, heure_debut, heure_fin, poste_shift, repas_inclus, note, publie) VALUES ('00000000-0000-4000-a000-00000000017a', '00000000-0000-4000-a000-000000000001', '2026-03-17', '08:00', '16:00', 'reception', true, NULL, false);
INSERT INTO planning_shifts (id, staff_id, date, heure_debut, heure_fin, poste_shift, repas_inclus, note, publie) VALUES ('00000000-0000-4000-a000-00000000017b', '00000000-0000-4000-a000-000000000005', '2026-03-17', '15:00', '23:00', 'bar', true, NULL, false);
INSERT INTO planning_shifts (id, staff_id, date, heure_debut, heure_fin, poste_shift, repas_inclus, note, publie) VALUES ('00000000-0000-4000-a000-00000000017c', '00000000-0000-4000-a000-000000000002', '2026-03-18', '08:00', '16:00', 'reception', true, NULL, false);
INSERT INTO planning_shifts (id, staff_id, date, heure_debut, heure_fin, poste_shift, repas_inclus, note, publie) VALUES ('00000000-0000-4000-a000-00000000017d', '00000000-0000-4000-a000-000000000004', '2026-03-18', '12:00', '20:00', 'bar', true, NULL, false);
INSERT INTO planning_shifts (id, staff_id, date, heure_debut, heure_fin, poste_shift, repas_inclus, note, publie) VALUES ('00000000-0000-4000-a000-00000000017e', '00000000-0000-4000-a000-000000000003', '2026-03-19', '08:00', '16:00', 'reception', true, NULL, false);
INSERT INTO planning_shifts (id, staff_id, date, heure_debut, heure_fin, poste_shift, repas_inclus, note, publie) VALUES ('00000000-0000-4000-a000-00000000017f', '00000000-0000-4000-a000-000000000005', '2026-03-19', '15:00', '23:00', 'bar', true, 'Remplace Marco', false);
INSERT INTO planning_shifts (id, staff_id, date, heure_debut, heure_fin, poste_shift, repas_inclus, note, publie) VALUES ('00000000-0000-4000-a000-000000000180', '00000000-0000-4000-a000-000000000001', '2026-03-20', '08:00', '16:00', 'reception', true, NULL, false);
INSERT INTO planning_shifts (id, staff_id, date, heure_debut, heure_fin, poste_shift, repas_inclus, note, publie) VALUES ('00000000-0000-4000-a000-000000000181', '00000000-0000-4000-a000-000000000004', '2026-03-20', '15:00', '23:00', 'bar', true, NULL, false);
INSERT INTO planning_shifts (id, staff_id, date, heure_debut, heure_fin, poste_shift, repas_inclus, note, publie) VALUES ('00000000-0000-4000-a000-000000000182', '00000000-0000-4000-a000-000000000002', '2026-03-21', '08:00', '16:00', 'reception', true, NULL, false);
INSERT INTO planning_shifts (id, staff_id, date, heure_debut, heure_fin, poste_shift, repas_inclus, note, publie) VALUES ('00000000-0000-4000-a000-000000000183', '00000000-0000-4000-a000-000000000005', '2026-03-21', '12:00', '20:00', 'bar', true, NULL, false);
INSERT INTO planning_shifts (id, staff_id, date, heure_debut, heure_fin, poste_shift, repas_inclus, note, publie) VALUES ('00000000-0000-4000-a000-000000000184', '00000000-0000-4000-a000-000000000003', '2026-03-22', '08:00', '16:00', 'reception', true, NULL, false);
INSERT INTO planning_shifts (id, staff_id, date, heure_debut, heure_fin, poste_shift, repas_inclus, note, publie) VALUES ('00000000-0000-4000-a000-000000000185', '00000000-0000-4000-a000-000000000004', '2026-03-22', '17:00', '23:00', 'bar', false, NULL, false);

-- Maintenance taches
INSERT INTO maintenance_taches (id, bungalow_id, titre, description, priorite, statut, date_creation) VALUES ('00000000-0000-4000-a000-000000000186', 1, 'Climatisation bruyante', 'Bruit anormal au demarrage, vibrations excessives', 'haute', 'a_faire', '2026-03-01');
INSERT INTO maintenance_taches (id, bungalow_id, titre, description, priorite, statut, date_creation) VALUES ('00000000-0000-4000-a000-000000000187', 1, 'Robinet qui goutte', 'Salle de bain principale, robinet eau chaude', 'haute', 'en_cours', '2026-03-02');
INSERT INTO maintenance_taches (id, bungalow_id, titre, description, priorite, statut, date_creation, date_resolution) VALUES ('00000000-0000-4000-a000-000000000188', 1, 'Ampoule grillee salle de bain', 'Plafonnier principal', 'basse', 'fait', '2026-02-25', '2026-02-27');
INSERT INTO maintenance_taches (id, bungalow_id, titre, description, priorite, statut, date_creation) VALUES ('00000000-0000-4000-a000-000000000189', 2, 'Moustiquaire dechiree', 'Fenetre cote jardin, trou de 10cm', 'haute', 'a_faire', '2026-03-03');
INSERT INTO maintenance_taches (id, bungalow_id, titre, description, priorite, statut, date_creation) VALUES ('00000000-0000-4000-a000-00000000018a', 2, 'Serrure difficile', 'Porte d''entree, cle tourne mal', 'normale', 'en_cours', '2026-03-01');
INSERT INTO maintenance_taches (id, bungalow_id, titre, description, priorite, statut, date_creation) VALUES ('00000000-0000-4000-a000-00000000018b', 2, 'Prise electrique defectueuse', 'Prise gauche pres du lit, pas de courant', 'haute', 'a_faire', '2026-03-04');
INSERT INTO maintenance_taches (id, bungalow_id, titre, description, priorite, statut, date_creation, date_resolution) VALUES ('00000000-0000-4000-a000-00000000018c', 2, 'Ventilateur plafond lent', 'Vitesse max insuffisante', 'basse', 'fait', '2026-02-20', '2026-02-22');
INSERT INTO maintenance_taches (id, bungalow_id, titre, description, priorite, statut, date_creation) VALUES ('00000000-0000-4000-a000-00000000018d', 3, 'Douche pression faible', 'Pression tres basse le matin', 'haute', 'a_faire', '2026-03-02');
INSERT INTO maintenance_taches (id, bungalow_id, titre, description, priorite, statut, date_creation) VALUES ('00000000-0000-4000-a000-00000000018e', 3, 'Poignee de porte cassee', 'Porte de la salle de bain, ne ferme plus', 'normale', 'en_cours', '2026-03-03');
INSERT INTO maintenance_taches (id, bungalow_id, titre, description, priorite, statut, date_creation) VALUES ('00000000-0000-4000-a000-00000000018f', 3, 'Fuite toit legere', 'Coin droit au-dessus du lit quand forte pluie', 'haute', 'a_faire', '2026-03-05');
INSERT INTO maintenance_taches (id, bungalow_id, titre, description, priorite, statut, date_creation, date_resolution) VALUES ('00000000-0000-4000-a000-000000000190', 3, 'Miroir fele', 'Miroir salle de bain, fissure en bas a gauche', 'basse', 'fait', '2026-02-18', '2026-02-20');
INSERT INTO maintenance_taches (id, bungalow_id, titre, description, priorite, statut, date_creation) VALUES ('00000000-0000-4000-a000-000000000191', 4, 'Evacuation bouchee', 'Douche, eau stagne apres utilisation', 'haute', 'en_cours', '2026-03-04');
INSERT INTO maintenance_taches (id, bungalow_id, titre, description, priorite, statut, date_creation) VALUES ('00000000-0000-4000-a000-000000000192', 4, 'Store casse', 'Store fenetre principale ne remonte plus', 'normale', 'a_faire', '2026-03-03');
INSERT INTO maintenance_taches (id, bungalow_id, titre, description, priorite, statut, date_creation, date_resolution) VALUES ('00000000-0000-4000-a000-000000000193', 4, 'Chasse d''eau faible', 'Toilettes, chasse incomplete', 'normale', 'fait', '2026-02-28', '2026-03-01');
INSERT INTO maintenance_taches (id, bungalow_id, titre, description, priorite, statut, date_creation) VALUES ('00000000-0000-4000-a000-000000000194', 5, 'Climatisation en panne', 'Ne demarre plus du tout, voyant rouge', 'haute', 'a_faire', '2026-03-05');
INSERT INTO maintenance_taches (id, bungalow_id, titre, description, priorite, statut, date_creation) VALUES ('00000000-0000-4000-a000-000000000195', 5, 'Porte moustiquaire grince', 'Charnieres a huiler', 'basse', 'en_cours', '2026-03-01');
INSERT INTO maintenance_taches (id, bungalow_id, titre, description, priorite, statut, date_creation, date_resolution) VALUES ('00000000-0000-4000-a000-000000000196', 5, 'Plinthes decollees', 'Coin cuisine, plinthes se decollent', 'basse', 'fait', '2026-02-22', '2026-02-24');
INSERT INTO maintenance_taches (id, bungalow_id, titre, description, priorite, statut, date_creation) VALUES ('00000000-0000-4000-a000-000000000197', 6, 'Fuite robinet cuisine', 'Goutte en continu meme ferme', 'haute', 'a_faire', '2026-03-04');
INSERT INTO maintenance_taches (id, bungalow_id, titre, description, priorite, statut, date_creation) VALUES ('00000000-0000-4000-a000-000000000198', 6, 'Interrupteur defaillant', 'Chambre, lumiere scintille au contact', 'normale', 'en_cours', '2026-03-02');
INSERT INTO maintenance_taches (id, bungalow_id, titre, description, priorite, statut, date_creation, date_resolution) VALUES ('00000000-0000-4000-a000-000000000199', 6, 'Etagere murale bancale', 'Salle de bain, fixation a reprendre', 'basse', 'fait', '2026-02-15', '2026-02-17');

-- Messages clients
INSERT INTO messages_clients (id, reservation_id, client_nom, telephone, type, statut, message_contenu, reponse_client, planifie_le, envoye_le) VALUES ('00000000-0000-4000-a000-00000000019a', '00000000-0000-4000-a000-000000000051', 'Camille Rousseau', '+33 7 45 67 89 01', 'j_moins_2', 'planifie', 'Bonjour Camille ! Votre sejour au WildWood Beach approche. Vous etes attendue le 07/03/2026 au Bungalow 1 pour 4 nuits. Nous avons hate de vous accueillir ! A bientot, L''equipe WildWood', NULL, '2026-03-05', NULL);
INSERT INTO messages_clients (id, reservation_id, client_nom, telephone, type, statut, message_contenu, reponse_client, planifie_le, envoye_le) VALUES ('00000000-0000-4000-a000-00000000019b', '00000000-0000-4000-a000-00000000006b', 'Carlos Rodriguez', '+34 612 345 678', 'j_moins_2', 'planifie', 'Bonjour Carlos ! Votre sejour au WildWood Beach approche. Vous etes attendu le 07/03/2026 au Bungalow 4 pour 2 nuits. Nous avons hate de vous accueillir ! A bientot, L''equipe WildWood', NULL, '2026-03-05', NULL);
INSERT INTO messages_clients (id, reservation_id, client_nom, telephone, type, statut, message_contenu, reponse_client, planifie_le, envoye_le) VALUES ('00000000-0000-4000-a000-00000000019c', '00000000-0000-4000-a000-00000000007d', 'Yuki Tanaka', '+81 90 1234 5678', 'j_moins_2', 'planifie', 'Bonjour Yuki ! Votre sejour au WildWood Beach approche. Vous etes attendue le 07/03/2026 au Bungalow 6 pour 3 nuits. Nous avons hate de vous accueillir ! A bientot, L''equipe WildWood', NULL, '2026-03-05', NULL);
INSERT INTO messages_clients (id, reservation_id, client_nom, telephone, type, statut, message_contenu, reponse_client, planifie_le, envoye_le) VALUES ('00000000-0000-4000-a000-00000000019d', '00000000-0000-4000-a000-00000000005a', 'Elena Kuznetsova', '+7 916 123 4567', 'j_moins_2', 'envoye', 'Bonjour Elena ! Votre sejour au WildWood Beach approche. Vous etes attendue le 08/03/2026 au Bungalow 2 pour 4 nuits. Nous avons hate de vous accueillir ! A bientot, L''equipe WildWood', NULL, '2026-03-06', '2026-03-06T10:15:00');
INSERT INTO messages_clients (id, reservation_id, client_nom, telephone, type, statut, message_contenu, reponse_client, planifie_le, envoye_le) VALUES ('00000000-0000-4000-a000-00000000019e', '00000000-0000-4000-a000-000000000063', 'Dmitri Volkov', '+7 925 678 9012', 'j_moins_2', 'envoye', 'Bonjour Dmitri ! Votre sejour au WildWood Beach approche. Vous etes attendu le 08/03/2026 au Bungalow 3 pour 4 nuits. Nous avons hate de vous accueillir ! A bientot, L''equipe WildWood', NULL, '2026-03-06', '2026-03-06T10:20:00');
INSERT INTO messages_clients (id, reservation_id, client_nom, telephone, type, statut, message_contenu, reponse_client, planifie_le, envoye_le) VALUES ('00000000-0000-4000-a000-00000000019f', '00000000-0000-4000-a000-00000000004f', 'Pierre Dumont', '+33 6 12 34 56 78', 'j_moins_2', 'envoye', 'Bonjour Pierre ! Votre sejour au WildWood Beach approche. Vous etes attendu le 01/03/2026 au Bungalow 1 pour 3 nuits. Nous avons hate de vous accueillir ! A bientot, L''equipe WildWood', 'Merci ! On a tres hate d''arriver.', '2026-02-27', '2026-02-27T09:00:00');
INSERT INTO messages_clients (id, reservation_id, client_nom, telephone, type, statut, message_contenu, reponse_client, planifie_le, envoye_le) VALUES ('00000000-0000-4000-a000-0000000001a0', '00000000-0000-4000-a000-000000000060', 'Mia Johansson', '+46 72 345 67 89', 'j_moins_2', 'repondu', 'Bonjour Mia ! Votre sejour au WildWood Beach approche. Vous etes attendue le 02/03/2026 au Bungalow 3 pour 3 nuits. Nous avons hate de vous accueillir ! A bientot, L''equipe WildWood', 'Thank you! Can I book a gym pass in advance?', '2026-02-28', '2026-02-28T09:30:00');
INSERT INTO messages_clients (id, reservation_id, client_nom, telephone, type, statut, message_contenu, reponse_client, planifie_le, envoye_le) VALUES ('00000000-0000-4000-a000-0000000001a1', '00000000-0000-4000-a000-000000000069', 'Anna Lindqvist', '+46 70 987 65 43', 'j_moins_2', 'envoye', 'Bonjour Anna ! Votre sejour au WildWood Beach approche. Vous etes attendue le 01/03/2026 au Bungalow 4 pour 3 nuits. Nous avons hate de vous accueillir ! A bientot, L''equipe WildWood', NULL, '2026-02-27', '2026-02-27T09:05:00');
INSERT INTO messages_clients (id, reservation_id, client_nom, telephone, type, statut, message_contenu, reponse_client, planifie_le, envoye_le) VALUES ('00000000-0000-4000-a000-0000000001a2', '00000000-0000-4000-a000-00000000004f', 'Pierre Dumont', '+33 6 12 34 56 78', 'j_plus_3', 'planifie', 'Bonjour Pierre ! Nous esperons que votre sejour au Bungalow 1 s''est bien passe. Nous serions ravis de recevoir votre avis. Merci et a bientot ! L''equipe WildWood', NULL, '2026-03-07', NULL);
INSERT INTO messages_clients (id, reservation_id, client_nom, telephone, type, statut, message_contenu, reponse_client, planifie_le, envoye_le) VALUES ('00000000-0000-4000-a000-0000000001a3', '00000000-0000-4000-a000-000000000060', 'Mia Johansson', '+46 72 345 67 89', 'j_plus_3', 'envoye', 'Bonjour Mia ! Nous esperons que votre sejour au Bungalow 3 s''est bien passe. Nous serions ravis de recevoir votre avis. Merci et a bientot ! L''equipe WildWood', NULL, '2026-03-08', '2026-03-08T11:00:00');
INSERT INTO messages_clients (id, reservation_id, client_nom, telephone, type, statut, message_contenu, reponse_client, planifie_le, envoye_le) VALUES ('00000000-0000-4000-a000-0000000001a4', '00000000-0000-4000-a000-000000000069', 'Anna Lindqvist', '+46 70 987 65 43', 'j_plus_3', 'envoye', 'Bonjour Anna ! Nous esperons que votre sejour au Bungalow 4 s''est bien passe. Nous serions ravis de recevoir votre avis. Merci et a bientot ! L''equipe WildWood', NULL, '2026-03-07', '2026-03-07T10:00:00');
INSERT INTO messages_clients (id, reservation_id, client_nom, telephone, type, statut, message_contenu, reponse_client, planifie_le, envoye_le) VALUES ('00000000-0000-4000-a000-0000000001a5', '00000000-0000-4000-a000-00000000007b', 'Natasha Petrova', '+7 903 456 7890', 'j_plus_3', 'envoye', 'Bonjour Natasha ! Nous esperons que votre sejour au Bungalow 6 s''est bien passe. Nous serions ravis de recevoir votre avis. Merci et a bientot ! L''equipe WildWood', NULL, '2026-03-07', '2026-03-07T10:05:00');
INSERT INTO messages_clients (id, reservation_id, client_nom, telephone, type, statut, message_contenu, reponse_client, planifie_le, envoye_le) VALUES ('00000000-0000-4000-a000-0000000001a6', '00000000-0000-4000-a000-000000000058', 'Lea Fischer', '+49 151 2345678', 'j_plus_3', 'repondu', 'Bonjour Lea ! Nous esperons que votre sejour au Bungalow 2 s''est bien passe. Nous serions ravis de recevoir votre avis. Merci et a bientot ! L''equipe WildWood', 'Super sejour, merci beaucoup ! On reviendra.', '2026-03-08', '2026-03-08T11:05:00');
INSERT INTO messages_clients (id, reservation_id, client_nom, telephone, type, statut, message_contenu, reponse_client, planifie_le, envoye_le) VALUES ('00000000-0000-4000-a000-0000000001a7', '00000000-0000-4000-a000-000000000050', 'Katarina Novak', '+420 601 234 567', 'j_plus_3', 'envoye', 'Bonjour Katarina ! Nous esperons que votre sejour au Bungalow 1 s''est bien passe. Nous serions ravis de recevoir votre avis. Merci et a bientot ! L''equipe WildWood', NULL, '2026-03-10', '2026-03-10T10:00:00');
INSERT INTO messages_clients (id, reservation_id, client_nom, telephone, type, statut, message_contenu, reponse_client, planifie_le, envoye_le) VALUES ('00000000-0000-4000-a000-0000000001a8', '00000000-0000-4000-a000-00000000006a', 'Thomas Muller', '+49 160 1234567', 'j_plus_3', 'envoye', 'Bonjour Thomas ! Nous esperons que votre sejour au Bungalow 4 s''est bien passe. Nous serions ravis de recevoir votre avis. Merci et a bientot ! L''equipe WildWood', NULL, '2026-03-10', '2026-03-10T10:10:00');
INSERT INTO messages_clients (id, reservation_id, client_nom, telephone, type, statut, message_contenu, reponse_client, planifie_le, envoye_le) VALUES ('00000000-0000-4000-a000-0000000001a9', '00000000-0000-4000-a000-00000000004f', 'Pierre Dumont', '+33 6 12 34 56 78', 'manuel', 'envoye', 'Bonjour Pierre, juste un petit rappel : le check-out est prevu demain avant 11h. N''hesitez pas a passer au bar pour un dernier smoothie ! A bientot.', 'Parfait, merci !', '2026-03-03', '2026-03-03T08:30:00');
INSERT INTO messages_clients (id, reservation_id, client_nom, telephone, type, statut, message_contenu, reponse_client, planifie_le, envoye_le) VALUES ('00000000-0000-4000-a000-0000000001aa', '00000000-0000-4000-a000-000000000058', 'Lea Fischer', '+49 151 2345678', 'manuel', 'repondu', 'Bonjour Lea, petit probleme de plomberie signale — nous envoyons quelqu''un dans 30 minutes. Desole pour le derangement !', 'Pas de souci, merci pour la reactivite !', '2026-03-03', '2026-03-03T14:20:00');
INSERT INTO messages_clients (id, reservation_id, client_nom, telephone, type, statut, message_contenu, reponse_client, planifie_le, envoye_le) VALUES ('00000000-0000-4000-a000-0000000001ab', '00000000-0000-4000-a000-000000000060', 'Mia Johansson', '+46 72 345 67 89', 'manuel', 'envoye', 'Hi Mia ! Tonight is Muay Thai night at the gym — free for all guests. Starts at 7PM. See you there?', NULL, '2026-03-03', '2026-03-03T16:00:00');
INSERT INTO messages_clients (id, reservation_id, client_nom, telephone, type, statut, message_contenu, reponse_client, planifie_le, envoye_le) VALUES ('00000000-0000-4000-a000-0000000001ac', '00000000-0000-4000-a000-000000000073', 'James Wilson', '+61 498 765 432', 'manuel', 'envoye', 'Bonjour ! Attention, forte pluie annoncee ce soir sur Koh Tao. Pensez a fermer les fenetres de votre bungalow si vous sortez. Bonne soiree !', NULL, '2026-03-07', '2026-03-07T17:00:00');
INSERT INTO messages_clients (id, reservation_id, client_nom, telephone, type, statut, message_contenu, reponse_client, planifie_le, envoye_le) VALUES ('00000000-0000-4000-a000-0000000001ad', '00000000-0000-4000-a000-00000000006c', 'Marie Lefevre', '+33 6 98 76 54 32', 'j_moins_2', 'planifie', 'Bonjour Marie ! Votre sejour au WildWood Beach approche. Vous etes attendue le 09/03/2026 au Bungalow 4 pour 4 nuits. Nous avons hate de vous accueillir ! A bientot, L''equipe WildWood', NULL, '2026-03-07', NULL);
INSERT INTO messages_clients (id, reservation_id, client_nom, telephone, type, statut, message_contenu, reponse_client, planifie_le, envoye_le) VALUES ('00000000-0000-4000-a000-0000000001ae', '00000000-0000-4000-a000-000000000074', 'Lea Fischer', '+49 151 2345678', 'j_moins_2', 'planifie', 'Bonjour Lea ! Votre sejour au WildWood Beach approche. Vous etes attendue le 10/03/2026 au Bungalow 5 pour 3 nuits. Nous avons hate de vous accueillir ! A bientot, L''equipe WildWood', NULL, '2026-03-08', NULL);
INSERT INTO messages_clients (id, reservation_id, client_nom, telephone, type, statut, message_contenu, reponse_client, planifie_le, envoye_le) VALUES ('00000000-0000-4000-a000-0000000001af', '00000000-0000-4000-a000-00000000007e', 'Pierre Dumont', '+33 6 12 34 56 78', 'j_moins_2', 'planifie', 'Bonjour Pierre ! Votre sejour au WildWood Beach approche. Vous etes attendu le 10/03/2026 au Bungalow 6 pour 3 nuits. Nous avons hate de vous accueillir ! A bientot, L''equipe WildWood', NULL, '2026-03-08', NULL);
INSERT INTO messages_clients (id, reservation_id, client_nom, telephone, type, statut, message_contenu, reponse_client, planifie_le, envoye_le) VALUES ('00000000-0000-4000-a000-0000000001b0', '00000000-0000-4000-a000-00000000005a', 'Elena Kuznetsova', '+7 916 123 4567', 'manuel', 'envoye', 'Bonjour Elena, bienvenue a WildWood ! N''hesitez pas a passer au bar — happy hour de 16h a 18h aujourd''hui. Bonne soiree !', NULL, '2026-03-09', '2026-03-09T09:30:00');
INSERT INTO messages_clients (id, reservation_id, client_nom, telephone, type, statut, message_contenu, reponse_client, planifie_le, envoye_le) VALUES ('00000000-0000-4000-a000-0000000001b1', '00000000-0000-4000-a000-000000000063', 'Dmitri Volkov', '+7 925 678 9012', 'manuel', 'envoye', 'Bonjour Dmitri ! Le check-in est prevu aujourd''hui. Nous avons prepare votre Bungalow 3. Presentez-vous a la reception des votre arrivee. A tout a l''heure !', 'Merci ! On arrive vers 14h.', '2026-03-09', '2026-03-09T08:15:00');
INSERT INTO messages_clients (id, reservation_id, client_nom, telephone, type, statut, message_contenu, reponse_client, planifie_le, envoye_le) VALUES ('00000000-0000-4000-a000-0000000001b2', '00000000-0000-4000-a000-00000000007d', 'Yuki Tanaka', '+81 90 1234 5678', 'j_plus_3', 'planifie', 'Bonjour Yuki ! Nous esperons que votre sejour au Bungalow 6 s''est bien passe. Nous serions ravis de recevoir votre avis. Merci et a bientot ! L''equipe WildWood', NULL, '2026-03-13', NULL);

-- Closings
INSERT INTO closings (id, date, ca_jour, cash_compte, ecart, note_ecart, statut) VALUES ('00000000-0000-4000-a000-0000000001b3', '2026-02-19', 8450, 8450, 0, NULL, 'valide_admin');
INSERT INTO closings (id, date, ca_jour, cash_compte, ecart, note_ecart, statut) VALUES ('00000000-0000-4000-a000-0000000001b4', '2026-02-20', 11200, 11200, 0, NULL, 'valide_admin');
INSERT INTO closings (id, date, ca_jour, cash_compte, ecart, note_ecart, statut) VALUES ('00000000-0000-4000-a000-0000000001b5', '2026-02-21', 6800, 6600, -200, 'Erreur de monnaie rendue client', 'valide_admin');
INSERT INTO closings (id, date, ca_jour, cash_compte, ecart, note_ecart, statut) VALUES ('00000000-0000-4000-a000-0000000001b6', '2026-02-22', 9350, 9350, 0, NULL, 'valide_admin');
INSERT INTO closings (id, date, ca_jour, cash_compte, ecart, note_ecart, statut) VALUES ('00000000-0000-4000-a000-0000000001b7', '2026-02-23', 14500, 14500, 0, NULL, 'valide_admin');
INSERT INTO closings (id, date, ca_jour, cash_compte, ecart, note_ecart, statut) VALUES ('00000000-0000-4000-a000-0000000001b8', '2026-02-24', 7200, 7000, -200, 'Billet 200 manquant dans caisse', 'litige');
INSERT INTO closings (id, date, ca_jour, cash_compte, ecart, note_ecart, statut) VALUES ('00000000-0000-4000-a000-0000000001b9', '2026-02-25', 10800, 10800, 0, NULL, 'valide_admin');
INSERT INTO closings (id, date, ca_jour, cash_compte, ecart, note_ecart, statut) VALUES ('00000000-0000-4000-a000-0000000001ba', '2026-02-26', 8900, 8900, 0, NULL, 'valide_admin');
INSERT INTO closings (id, date, ca_jour, cash_compte, ecart, note_ecart, statut) VALUES ('00000000-0000-4000-a000-0000000001bb', '2026-02-27', 12300, 12500, 200, 'Client a laisse un pourboire en caisse', 'valide_admin');
INSERT INTO closings (id, date, ca_jour, cash_compte, ecart, note_ecart, statut) VALUES ('00000000-0000-4000-a000-0000000001bc', '2026-02-28', 9700, 9700, 0, NULL, 'valide_admin');
INSERT INTO closings (id, date, ca_jour, cash_compte, ecart, note_ecart, statut) VALUES ('00000000-0000-4000-a000-0000000001bd', '2026-03-01', 13400, 13400, 0, NULL, 'valide_admin');
INSERT INTO closings (id, date, ca_jour, cash_compte, ecart, note_ecart, statut) VALUES ('00000000-0000-4000-a000-0000000001be', '2026-03-02', 7600, 7600, 0, NULL, 'valide_admin');
INSERT INTO closings (id, date, ca_jour, cash_compte, ecart, note_ecart, statut) VALUES ('00000000-0000-4000-a000-0000000001bf', '2026-03-03', 11100, 10800, -300, 'Erreur sur transaction F&B', 'valide_admin');
INSERT INTO closings (id, date, ca_jour, cash_compte, ecart, note_ecart, statut) VALUES ('00000000-0000-4000-a000-0000000001c0', '2026-03-04', 8200, 8200, 0, NULL, 'valide_admin');
INSERT INTO closings (id, date, ca_jour, cash_compte, ecart, note_ecart, statut) VALUES ('00000000-0000-4000-a000-0000000001c1', '2026-03-05', 10500, 10300, -200, 'Difference non expliquee', 'soumis');

